state,0,1,2,3,4,5,6,7,8,9
"[0, 0, 12, 0, 0]",0.055750801323756566,0.055778544575125315,0.05574333360841858,0.05817251451694565,-0.519716932898807,0.05574116583309433,0.055765406110110965,0.05577425551765392,0.055738643090684804,0.05578659559888935
"[0, 1, 12, 0, 0]",0.05172407870055464,0.04922538056094006,0.04918059147957186,0.052953311969201146,-0.5346239464035604,0.05023693318621072,0.05650892220109224,0.05135015787747786,0.05257631389847322,0.054222511445938516
"[0, 1, 13, 0, 0]",0.3610017816436776,0.37647283859731634,0.37350367514229377,0.36339422167418484,-0.10580877065207012,0.3592675836005898,0.3117171663987226,0.3677040709970693,0.36235800765628917,0.4170042188901824
"[0, 0, 13, 0, 0]",0.24450555582105296,0.2474272453608452,0.2465717709973851,0.46105369298785087,-0.28767724453559523,0.2445000037034057,0.24537354807112471,0.24924351923236332,0.24253867041164964,0.2448808357103425
"[0, 0, 14, 0, 0]",1.5570887863685923,1.556405538828261,1.555530567371284,1.3861029230218944,1.3050071773965253,1.5567680417819285,1.5557853019007235,1.556472745244715,1.5563231550225622,1.5558666919414286
"[0, 1, 14, 0, 0]",0.8037691097926074,0.6941025653634949,0.6467227201080358,0.7015183510155776,0.3549330369806586,0.5790205127053253,1.7421474826662404,0.6727047726878361,0.6732081587632092,1.0128191213084252
"[0, 0, 15, 0, 0]",0.11438165933544511,0.11547344258440545,0.11538386641537375,0.11559880084635554,-0.4347959014034857,0.11859397619721603,0.11751936368448779,0.11532748023473637,0.11647695042554373,0.19505344646804296
"[0, 1, 15, 0, 0]",0.008048901114302497,0.01306907083507102,0.007093488909649205,0.009439316389355239,-0.07620317374899149,0.009518373018630844,0.11663196951967382,0.0025734684077671874,0.007757849711333567,0.05895030573567863
"[0, 0, 15, 0, 1]",0.46656915776962676,0.4662932410330659,0.46690100875535945,0.466604362218428,-0.07746450424061722,0.4662787110832021,0.46662710412225666,0.4663107468778152,0.4665492850259335,0.46648722658913905
"[0, 1, 16, 0, 0]",0.16616183084063493,0.09712033435094218,0.1709928921862631,0.15287188656166506,0.04757878716575202,0.1605517636776491,0.050579858069437635,0.19375884872638277,0.1219361559565674,1.951141086341213
"[0, 0, 16, 0, 0]",0.21343567803730792,0.2135214555182363,0.2135426723813874,0.2434723338850294,-0.31255795749562043,0.21275261895697542,0.21355541965357955,0.21356256994236733,0.2134077975227052,0.21353455798724547
"[0, 0, 16, 0, 1]",0.09095494775053539,0.0894434365536609,0.16150591765591799,0.07038780813976835,-0.471410142114901,0.0990047525761742,0.09133456581401674,0.09415181088433844,0.095298306903911,0.07630112627267646
"[0, 1, 16, 0, 1]",0.0002482464031044879,0.0019233709529427592,0.0016943645144579472,0.0033800203033745113,-0.011431092169797312,0.002630599787860927,0.09407045488261923,0.0017620044757384557,0.0009805089658317338,0.0014507381245791435
"[0, 1, 16, 0, 2]",3.295025150815591e-05,0.0004877299616772356,0.0003549838706934843,0.0,-0.011936842174764276,0.0,0.002256880747026572,0.0,0.0010171656143987144,0.15157343913234372
"[0, 0, 16, 0, 2]",0.07870028963256383,0.08041163816668534,0.08814645373480991,0.06512256999230397,-0.41021394591132165,0.07774565901501143,0.06879822912278698,0.0754782345074493,0.07168635417510158,0.08441713083704291
"[1, 0, 16, 0, 2]",0.014113499439152131,0.0017903615042801804,0.012532082182120577,0.0,-0.006,0.005628770700896337,0.0,0.0,2.9477020030363517,0.02457884460146643
"[1, 0, 16, 1, 2]",1.383165061615384,1.51741851491309,1.7467092453263269,1.2541300292376838,1.1236785763032722,1.2141290717579925,1.7914884667471263,1.7374713527938361,5.832685872701261,1.588243116146624
"[0, 0, 16, 1, 2]",5.171861718338172,5.177859500393751,5.263789633492592,4.385928655774499,4.55850415942254,5.259722757545446,5.237097969043091,5.234282272882721,5.808155905323824,5.219175492511833
"[0, 1, 16, 1, 2]",0.513474533014172,0.4985705157664404,0.5098810986490079,0.2754025329835833,0.298294881979954,0.2197779718569551,0.6737554979335321,0.3546082174999089,0.4058020791055911,4.871144395705551
"[0, 0, 16, 1, 3]",0.2727600990166266,0.26944644140956564,1.7374384364748847,0.7200196109499198,0.1683035238966183,0.24879178265949842,0.2482120084573992,0.225278735578401,0.4283930104199459,0.20495169754810727
"[0, 1, 16, 1, 3]",0.6453712074463829,0.302135638997229,0.68682085672735,0.5112018562134725,0.5778908767701547,1.0413324427985744,0.32736886190120407,0.8149372082476339,5.384941727749558,0.4454610591647675
"[0, 0, 17, 1, 3]",0.5848974269894164,0.47802575585985974,0.49093729404007086,0.5154171426075856,0.29238822480929055,0.4666822399104098,0.40100789956744476,0.2995260590617868,4.487364083883477,0.23736404282990733
"[0, 1, 17, 1, 3]",0.24833419770305856,0.357239502479878,0.13509128590242764,0.21029816864354364,0.1792625140789763,0.2402524533500079,0.17348300165727987,0.21451359884316704,3.85319887211915,0.06030445926155413
"[0, 0, 17, 0, 3]",0.001040441864637534,0.0010854263327440094,0.042561728514414456,0.0003874323609528853,-0.03935862654974423,0.0008160806835835272,0.0008728225759843302,0.0012928793475022338,0.0007111081645057851,0.00010533319081964604
"[0, 1, 17, 0, 3]",0.0,0.0008677933730134551,0.0,0.0,-0.006,0.0,0.0,0.0,0.0,0.0
"[0, 0, 17, 0, 2]",0.020519391435263643,0.016590114923691023,0.07979211283344123,0.002818490049710828,-0.11247650118481178,0.020705513406669884,0.021683758334077097,0.010496133106242587,0.017862907937445986,0.013025896516194378
"[1, 0, 17, 0, 2]",4.192828999521249e-05,0.0,0.0,0.0,0.0,0.0,0.006406759400211143,2.507849572549707e-05,0.0,0.0
"[0, 1, 17, 0, 2]",8.473201654833103e-05,0.015629443418005373,0.0,0.0,-0.005872410746481287,0.0,0.0008718202569715462,0.0,0.0,0.0
"[0, 0, 17, 0, 1]",0.030225634365485674,0.037500912353524506,0.11955077956772524,0.02456352382348711,-0.26776247573169726,0.04591817740018268,0.033487929071260615,0.035460661265937415,0.036226760609107574,0.03173744788462994
"[1, 0, 18, 0, 1]",9.531973273549037e-07,0.0,1.4666316368367977e-05,0.0,0.0,1.9046051361935613e-05,0.004432698553186305,0.0,0.0,0.0
"[0, 0, 18, 0, 1]",0.0075504199719762174,0.007173215151858009,0.056972050914958564,0.0035732484350207952,-0.17764158593904078,0.011453180672766598,0.010446744709489923,0.009344738393554307,0.008560865818480607,0.0073126915697896665
"[0, 1, 18, 0, 1]",0.0,0.009718703548944182,2.991203850454501e-05,0.0,-0.006,0.0,0.0,3.3270762061056794e-05,5.77839454196589e-05,0.0
"[0, 0, 18, 0, 0]",0.02720805165695376,0.027072555767916954,0.02741254680092056,0.027234147263376297,-0.5476826956893599,0.026567420595090756,0.027524451650947284,0.02737658886947114,0.02688260600767539,0.06006360774484295
"[0, 1, 18, 0, 0]",0.001151705473088226,0.00260466105668365,0.0009045625635963957,0.0009261598127170919,-0.11697013469746062,0.0011347665506611544,0.017407362316332886,0.0012551638263086492,0.0015172958577493799,0.0008643234343828092
"[1, 0, 19, 0, 0]",0.0,0.0,0.0,2.0212374742780022e-05,-0.011874026541909593,0.003944566709887291,4.86e-07,0.0,0.6909431866010143,0.00037077798958232654
"[0, 1, 19, 0, 0]",3.356640755843473e-05,1.2845079968213938e-06,0.0,2.3705302728636667e-06,-0.01194,8.537378078881275e-08,0.010350012533684129,0.0,1.894443553385111e-05,8.755221142752351e-05
"[0, 0, 19, 0, 0]",0.014737840193415036,0.008616408018476357,0.011426736747547486,0.007712007840136071,-0.22125848353497957,0.011980914206081864,0.010189868120061191,0.008750711784942442,0.009338309248082276,0.04362090531515817
"[0, 1, 20, 0, 0]",0.0,0.0,0.0,0.0,-0.006,0.0,0.0,0.0,0.0,0.046660428972798644
"[1, 0, 20, 0, 0]",0.0,0.01663804051881275,0.039010722672977734,0.0,-0.0024074664106211777,0.03197893593157522,0.0,0.0030520602673830095,2.033078458431624,0.008713605172417583
"[1, 0, 20, 1, 0]",0.06964231151978384,0.02967367985970248,0.03991271405164827,0.01742745441626291,0.022431273991330766,0.023561334756923555,3.3832936311112247,0.03022003827617645,0.0583599539343424,0.05128586548605693
"[0, 1, 20, 1, 0]",0.006210994791299887,0.0,1.4477988600000002e-06,0.0,0.009369236218062342,0.012455574153472395,2.51991575853538,0.022590919911986848,0.01708330026918149,0.012981588210559565
"[0, 0, 20, 1, 0]",2.2642689282657864,2.2812162568805845,2.1321607184910127,0.82373264503555,2.2376053890132397,2.285959068405978,2.0377014790270125,2.2854003866158705,5.125516669493774,1.499045192653714
"[0, 0, 21, 1, 0]",0.2098721630642133,0.3037132802218577,0.31443209320382276,0.06041679558179738,0.13607445715172994,0.31579661483099325,0.29489121562961307,0.37563674864649793,3.8633898487719556,0.1295696076010463
"[0, 1, 21, 1, 0]",0.009076156736173381,0.013522365941220402,0.022521771880163577,0.008579016593292669,-0.01785113132264579,0.013576030956282476,0.02544026763401909,0.023613065039552655,1.1135097170798252,0.011082031313604244
"[0, 1, 21, 0, 0]",0.0,0.0,0.0,3.8071807362199206e-05,-0.005995261641740182,0.00014151662213157383,0.0,0.00016554510515089427,0.00011950329477488104,0.030495499411654758
"[0, 0, 21, 0, 0]",4.0419248288404485e-05,7.110174447606823e-05,4.0743212837937324e-05,0.003221770330654982,-0.040727240387754514,2.322943990511981e-05,2.8641527867034845e-05,3.661190789764005e-05,4.243637659974258e-05,0.0019121770415923046
"[1, 0, 21, 0, 0]",0.00026636799175122367,0.0,0.0018469075107362249,7.08359562830368e-06,0.0,0.0,0.0,0.0,0.26225360284412413,0.0014211903656316837
"[1, 0, 22, 1, 0]",0.0006410695892263878,0.0,0.0,0.0,-0.011298930410773612,0.0,0.0,0.0,0.2173567744278181,0.0
"[0, 0, 22, 1, 0]",0.003393942896360629,0.013265799401697458,0.007242629387268605,0.007659372741281397,-0.00982780456470499,0.0071729875093995326,0.004359523622276784,0.008565227079808488,0.8103299866783581,0.00021567621594600003
"[0, 0, 23, 1, 0]",0.0025688720763271116,0.0,0.0019997204537837415,0.0,0.0,0.002901812202135102,0.0,0.0,0.3341466015204992,0.0014768461656004717
"[0, 1, 23, 1, 0]",0.007866032241215884,0.00717617597594779,0.004128783481463627,0.003944456008884907,-0.0048257004795587794,0.010127092859549451,0.0,0.007789652503585678,0.8123442420697703,0.0030698788290413953
"[0, 1, 24, 1, 0]",0.011572141807680233,0.0017596672323493708,0.016744596904330653,0.009093388937384168,0.007976251705983612,0.026844059786737845,0.0004056801961022388,0.024768509578339294,1.1857908893886273,0.004394366455318851
"[0, 0, 24, 1, 0]",0.0,0.0,0.0,0.05171179276402559,0.0,0.0,0.0,0.0,0.0,0.0008564993513534445
"[0, 1, 24, 0, 0]",0.0,0.0,0.0,0.0,-0.006,0.0,0.0,0.0,0.0,5.4000000000000005e-05
"[1, 0, 24, 0, 0]",0.0,0.0,0.0,0.0,0.0,0.0,0.0,0.0,0.012367615887199736,0.0
"[1, 0, 24, 1, 0]",0.0,0.0,0.000269460539730054,0.0,-0.006,0.0,0.0,0.0,0.10549199278374922,0.000107946
"[0, 0, 25, 1, 0]",0.0017537804270765657,0.0,0.0,1.1055898418774476e-05,0.0,0.001544272039833203,0.0017537804270765657,0.002377298279807592,0.2905567104292931,0.0
"[0, 1, 25, 1, 0]",0.0,0.0,0.0,0.0,-0.006,0.0,0.0,0.0,0.0,0.003074369446068032
"[0, 0, 26, 1, 0]",0.053951569788163234,0.03966699429772595,0.020736729835457907,0.0011291771279170887,-0.01685296237240671,0.03415586482187258,0.03332089071806618,0.07984725701926706,1.8903325054457774,0.0013223589165274967
"[0, 1, 26, 1, 0]",0.0,0.0,0.0,0.0,-0.006,0.0,0.06363977547700776,0.0,0.0,0.0
"[1, 0, 26, 1, 0]",0.0008735407643023455,0.0,0.0,0.0,-0.006,0.0,0.0,0.0,0.11932792072304658,0.0
"[0, 0, 27, 1, 0]",0.0,0.0,0.0,0.0,0.0,0.0,0.0,0.0,0.011874059999999999,0.0
"[0, 0, 27, 0, 0]",0.0,0.0,0.0,0.0,-0.006,0.0,0.0,0.0,0.0,0.0
"[0, 0, 28, 0, 0]",0.0,0.0,0.0,0.0,-0.023642393999999997,0.0,0.0,0.0,0.0,0.0
"[0, 0, 12, 0, 1]",0.2980334220862528,0.2981570296694612,0.3001758278616669,0.28664622547691176,-0.2607416815202011,0.3072782042396398,0.3087792222459689,0.3107614893715004,0.3496036846575342,0.4150721030725233
"[0, 1, 12, 0, 1]",0.08153580939934868,0.3272198749846794,0.07154527105955444,0.0677571817977077,-0.11559077359470045,0.0701884916044938,0.08782739983332179,0.04755992134510552,0.06387973023732141,0.1212705205084632
"[0, 0, 12, 0, 2]",0.5021944043451082,0.5060177510539454,0.5024768532064315,0.5030162822451055,-0.028276140094207054,0.5028158558939557,0.5032424947831821,0.5110161524995909,0.5028185337291079,0.5061759325998428
"[0, 1, 12, 0, 2]",0.29593564679805356,0.29464004183236997,0.2530771306754682,0.30155628663321843,0.013136051778712082,0.28190142532314316,0.513914935891968,0.2961202267319536,0.2696101814143561,0.47958494217192865
"[0, 1, 12, 0, 3]",0.16796417598262142,1.1645325362731809,0.2468662170004926,0.1877496525058346,0.06483867019873941,0.21475918886256795,0.18088271028519243,0.18705024641888449,0.18644988080342853,0.4865903497174286
"[0, 0, 12, 0, 3]",1.0704204510097772,1.0781564146931824,1.0431894092521603,1.020177397576512,0.5299987117472716,1.085860492812452,1.0923186879465652,1.0733463526979496,1.0887430606446857,1.1922654344309085
"[0, 0, 13, 0, 1]",0.2155981987372499,0.22917414151794235,0.34860121680996314,0.2078173448150706,-0.3745574801769003,0.23274920276226532,0.21296305877138955,0.2202984758979897,0.21400925039041238,0.1908789241747555
"[0, 1, 13, 0, 1]",0.014161492496768867,0.24481441668871146,0.016968809818315375,0.013167042879705985,-0.03177618990972652,0.014180992899000228,0.01304585342595733,0.018384826524980635,0.010942705760051399,0.025735540847513904
"[0, 0, 13, 0, 2]",1.331386193582376,1.3189846575343922,1.2388913592488249,1.269509690549645,0.8361124960024509,1.3515320846186913,1.3105152458321845,1.308063953124242,1.3307962625592349,2.6299015760474393
"[0, 1, 13, 0, 2]",0.14993876478391455,1.7986893243585143,0.08994482617558665,0.09566503895913109,0.02440276104342936,0.10897325301299009,0.10267878492990305,0.08665350034585706,0.1290913693681345,0.2693629367347223
"[0, 1, 14, 0, 1]",0.09456965414853621,0.07903359950908743,0.09095381115609269,0.07755930077606289,-0.03821222761882459,0.07903011967678696,0.4390361621409749,0.08940171924690614,0.06727737430027342,0.08529387375667466
"[0, 0, 14, 0, 1]",0.41946878798870346,0.42350876698479617,0.4550884888051463,0.405209927504762,-0.15293623291768338,0.42391360662342353,0.4218159278620263,0.4239510298727573,0.4238387922624829,0.41823301000138746
"[1, 0, 14, 0, 0]",3.850265858934768,3.724285064295045,3.828264109549531,1.525588769049021,3.096583425489228,3.6678879377032336,2.253929751941484,3.841427094908607,4.927036288972506,3.6493236037312773
"[1, 0, 14, 0, 1]",0.030816535099547303,0.4319295765821907,0.02750049473393311,0.040237461129451244,-0.006035216160692906,0.02457284434537497,0.04665354460943419,0.03019145760835707,0.35578393689956983,0.029547956060959387
"[1, 0, 15, 0, 0]",0.1416241581484626,0.07151354581962761,0.1381909863406502,0.023887963816315708,0.08876682572899586,0.09571010312189099,0.006966777407300163,0.07932935317859433,5.3600994560042885,0.04084294566619361
"[1, 0, 16, 0, 0]",0.2837348020641888,0.19936860531142436,0.2366842507034711,0.050028245876911535,0.09019590766616031,0.31972354057889685,0.012406321990137692,0.21297499224162836,5.731748270442488,0.14097026496967813
"[1, 0, 16, 1, 0]",2.0808809522646072,2.568467539477002,2.2092755941466,2.286460704592076,2.2578956750951784,2.2232455296426323,2.1423600282526025,2.732819103424702,5.763712193591532,2.341856638847842
"[0, 1, 16, 1, 0]",0.4843072488144654,0.689533214403459,0.7803736656678901,0.7980818398012481,0.5599108668029806,0.330735665311817,5.122494842059512,0.41713866146448164,0.843085570115948,0.5266333133603537
"[0, 0, 16, 1, 0]",5.138439537822299,5.129330513630966,5.143630748458021,4.648215699291221,4.530043142500311,5.131194236576279,5.12887717548411,5.138270566409887,5.655660498381356,5.14717031968614
"[0, 0, 16, 1, 1]",4.993763682872064,4.9703416848769955,5.046752579037472,4.865721648639996,4.426303408105042,5.051451398942698,5.019227016926466,4.992645797201151,5.688369949122334,4.637572785871629
"[0, 1, 16, 1, 1]",3.399222085423552,3.7514481327442875,3.7249429893369785,3.6506474559194366,3.0901642559438165,3.6964305156373665,3.683876164101364,3.4307679335134544,5.530740142366273,3.1922738251504854
"[0, 1, 17, 1, 1]",0.07051547549142642,4.478894407529282,0.102201806349943,0.06323860824530453,0.03894976663015411,0.06456549203937946,0.14032630790609846,0.059036372535138264,0.1456542845959254,0.009687429588873806
"[0, 1, 17, 0, 1]",0.0003847016351023519,0.03824236643769752,0.00018310451674174785,0.0,-0.011836480092948368,3.3456840994359865e-05,0.0,0.0003771748943475349,0.00029015157321427265,0.00020246887236488102
"[1, 0, 17, 0, 1]",0.0,0.0,0.0,0.001063509738925177,0.0,0.0,0.0,0.0,0.11276691615463103,0.0
"[1, 0, 19, 1, 0]",0.0019803010349714297,0.014714751142024408,0.0,1.932336090888026,0.006300569018658045,0.0,0.0,0.0,0.025714786522133656,0.004247256488988887
"[0, 1, 19, 1, 0]",1.225225349907776,1.4982783570581621,1.6141792262300698,0.9538280171007576,0.8601378815814995,1.042855645293743,0.24800970087675087,0.9430355320555678,5.115560078793046,0.7253711517408346
"[0, 0, 19, 1, 0]",0.02052341513151775,0.009061266216676732,0.04473468058699413,1.5762867579832835,-0.004977059841427217,0.045615015242950835,0.052983089066573105,0.010026418740131743,0.0935048063170803,0.050236176517957774
"[0, 0, 20, 0, 0]",0.04976543817290409,0.038799384234262026,0.03668070259402187,0.03708261080421455,-0.10115256334263727,0.049091792449268624,0.04774168155676811,0.05300461088714844,0.0676654946244961,0.2836608632099271
"[0, 0, 22, 0, 0]",2.3672097406074583e-06,3.3793547641116525e-06,1.0942282581218498e-06,3.4224041897178578e-06,-0.05188704195732108,1.0593768539669042e-06,1.3544452733704493e-06,2.648455504476727e-06,3.086834630363686e-06,0.0022713639899008104
"[0, 1, 22, 0, 0]",0.0,0.0,0.0,0.0,-0.006,0.0,1.8357454542018347e-05,0.0,0.0,0.0
"[1, 0, 22, 0, 0]",0.0,0.0,0.0,0.0,-0.0178206,0.0,0.0,0.0,0.026310719793739775,0.0
"[0, 0, 23, 0, 0]",0.0,0.0,0.0,4.86e-07,-0.006,0.0,0.0,0.0,0.0,0.0
"[1, 0, 23, 0, 0]",0.0,0.0,0.0,0.0,-0.006,0.0,0.0,0.0,0.017914633969353264,0.0
"[0, 1, 23, 0, 0]",0.0,0.0,0.0,0.0,0.0,0.0,0.0,0.0,0.0,0.00016093859803605686
"[1, 0, 23, 1, 0]",0.0,0.0,0.0,0.012945460103028696,0.0,0.0,0.0,0.0,0.0,0.0
"[0, 0, 26, 0, 0]",0.0,0.0,0.0,0.0,-0.029405970059999998,0.0,0.0,0.0,0.0,0.0
"[1, 0, 12, 0, 0]",0.372974665521902,0.34042693540107605,0.6758365582364705,0.01500716346598644,0.47511671186573334,0.5993873861515626,0.06788937698372953,0.3976311985071172,5.882763780789201,0.5060664350762664
"[1, 0, 12, 1, 0]",3.1885899882379665,3.3697050075834145,3.475032629653909,3.500311004421779,2.7124997758091838,2.8919429764171256,3.447572810418631,3.4734622809818196,5.890933510870476,3.4987378569495267
"[0, 1, 12, 1, 0]",5.138340256472479,5.172603372352984,5.139703430814047,5.150960094427984,4.5783959851488145,5.10973578298762,5.208399601124721,5.140520572826232,5.871045446450861,5.190767996746146
"[0, 0, 12, 1, 0]",5.270842683108673,5.245442339602848,5.28721621523673,5.232659205175706,4.67843345883431,5.263541526155159,5.240109345310886,5.263163775014483,5.801884588395423,5.291291767191581
"[0, 0, 13, 1, 0]",5.205574365058113,5.1190134173516375,5.205457754589876,4.7147393579331025,4.615137380466726,5.2056602301417,5.138498720724646,5.206933421438537,5.820612833181758,5.171291108815529
"[1, 0, 13, 1, 0]",4.924067717899744,4.819026067497894,4.94702113719925,4.2575777906989405,4.3167553824026355,4.909305445650985,4.889226172843136,4.77811966789597,5.8361063219372005,4.768894758339524
"[1, 0, 13, 1, 1]",0.09630339639682325,5.073455047362934,0.29925603069535517,0.13350789072243374,0.10464251236530303,0.24149007447038198,0.2969897644259198,0.19995780215480793,0.42630114607783226,0.16685583896391804
"[0, 1, 13, 1, 2]",5.19137265849034,4.5116060370639985,5.208229061058144,5.208597436167771,4.579949916510624,5.206766059000092,4.545612953685956,5.202904516157229,5.775227753490323,4.973852734977236
"[0, 0, 13, 1, 2]",2.1535079919467672,2.735971996158223,3.2074900021108355,5.190541198771744,2.0509584174630136,2.84104821750191,2.5130631913109704,2.1875872297208776,2.592948554629607,2.617752358978515
"[0, 0, 13, 1, 1]",5.098643670947155,5.0421551996501615,5.187047830839406,4.550834555589049,4.488199601911493,5.175125653979809,5.083430842108443,5.106073089691667,5.6994168144770185,4.846811647011897
"[0, 0, 14, 1, 1]",4.828460162944794,4.862443058108417,4.854213990057199,4.828151338568142,4.198373890426444,4.79884117042454,4.839670746809095,4.819251613592192,5.450680044403868,4.874268542696646
"[1, 0, 14, 1, 1]",1.4612742637948537,1.2292778656244503,1.9810137023998269,1.7885845555860322,1.7354444996023197,1.647769162044515,1.8629863357577265,1.687789991603848,5.66948757476778,1.844596869968483
"[0, 1, 14, 1, 1]",4.378008632353979,4.416863969741599,4.545766115570556,4.439467130777985,3.9819198681198364,4.417650008700443,4.346563999227433,4.40080151674771,5.54280595005618,4.476925238203205
"[0, 1, 14, 1, 2]",1.4517118852262108,1.6851646664619626,1.4662328571450287,1.5721781517867321,1.2175828956548438,1.3871153331871082,5.0260342430688105,1.7397664611443346,1.6105486360277297,1.6389335679390067
"[0, 0, 14, 1, 2]",5.01618734757188,5.020020383278393,5.074168090702869,4.493831367805456,4.428080654560152,5.060444053350524,5.0217539438393235,5.067478471855332,5.529354653692161,4.784813469717636
"[0, 0, 15, 1, 2]",5.1146301310399185,5.0872404430514555,5.167172375447967,5.144064113246151,4.5094110740394715,5.146277444444682,5.110167921149379,5.100858337065937,5.646586406054933,5.103615082232917
"[0, 0, 15, 1, 1]",5.209784505752065,5.2361878432258315,5.295804035082807,5.2928805883296945,4.631280325816299,5.247718344803811,5.231107873646804,5.256052854806862,5.688079416413145,5.2262760479277555
"[0, 1, 15, 1, 1]",5.174625432014563,5.053778237465671,5.127643424188139,5.197616524867636,4.58000064336723,5.148137554772207,5.110582020488218,5.193238917539695,5.841807429264205,5.130618569633106
"[1, 0, 15, 1, 1]",3.2436860954340796,3.2925123201238424,2.687466628778597,3.323934793880519,2.8724717551199532,3.448632484278464,3.4022315997850647,3.331587064461102,5.876860280858563,3.3657708620888025
"[1, 0, 15, 0, 1]",0.5046285458751418,0.051506757342481196,0.4679549854944272,0.12105320354562325,0.33688779625009835,0.3671733203337515,0.05323193826158043,0.5188979387021379,5.888528173867385,0.1948796736000891
"[1, 0, 16, 0, 1]",0.0,0.046930143069900745,0.0004184054297347507,0.00037490925643190987,-0.01759080132785216,0.0007911890229537698,0.0,0.00013177753072726595,0.0,8.207563858146473e-06
"[0, 0, 17, 0, 0]",0.15654340123405194,0.15547822201616798,0.15406025204735038,0.1539112993388894,-0.4146283663649294,0.15521939853380726,0.15400688856637815,0.15342410705032172,0.1576171876511615,0.3351608429691554
"[0, 1, 17, 0, 0]",0.022979712420052673,0.03528231846957274,0.021713841442408333,0.036132724620881254,-0.030934576222502792,0.013239800427499995,0.030807593688689874,0.023866608472246247,0.005953197521125983,0.8340994407700184
"[1, 0, 17, 0, 0]",0.0847491153001391,0.020274002456509312,0.06797633272366993,0.014982978870132318,0.04461632693531294,0.0423629182089425,0.0007632927618895077,0.039823946221018404,4.7283015003893825,0.04489572198985778
"[1, 0, 17, 1, 0]",1.4050948173355384,0.9760897787181593,0.9495668370814656,1.3108231161970456,0.7850465631705055,1.0019350260126807,0.9431951587590497,1.1856411673865939,5.674449542595557,1.3001138469037616
"[0, 0, 17, 1, 0]",4.822619136860167,4.903765422909521,4.891550913312353,4.768646100895332,4.272127223019775,4.80695591478373,4.756281245981386,4.840434534505795,5.565808607779723,4.737636043131998
"[0, 1, 17, 1, 0]",3.614367245874138,3.312828169423943,3.4253440107564974,3.1031093330163912,2.905837686540822,3.441789764734936,3.179565269375998,3.416068142031811,5.755943875308365,3.316697157316778
"[0, 0, 18, 1, 0]",4.551573517416283,4.579187249089005,4.496650904695867,3.001658577702816,4.0011750821291825,4.561390129650417,4.630864075211665,4.537846647967422,5.7435655775020935,4.52233318744515
"[1, 0, 12, 0, 1]",0.4856601776471074,0.05226352033984395,0.5022018881977851,0.059794316138434195,0.4625966150768507,0.3352421675513853,0.05183902638441667,0.30111082592569316,5.618572228730546,0.38844394501095547
"[1, 0, 12, 1, 1]",3.787070611077115,4.1611073168314405,3.8492409179290084,3.281971946148137,3.3066373378098075,3.5109280479709133,3.9930815325936706,3.6583756742119493,5.7382388124875465,3.693825681765321
"[0, 0, 12, 1, 1]",5.2515861471259715,5.276380764123853,5.361929554590264,4.773423254842545,4.669803830701534,5.339851002918282,5.285719901293763,5.295859642240975,5.856769500370224,5.240618279721751
"[0, 1, 12, 1, 1]",0.8869751943226923,5.277444669959561,0.969751514448583,0.5932334727880794,0.5157774897190017,0.4078997062087209,0.7360098046498332,0.8349060344805486,1.044589162446686,1.0061210458352121
"[0, 0, 12, 1, 2]",1.735156585654048,1.8061172569091195,2.1367780381602874,4.986653807852756,1.5610470318607481,2.0598480883489536,1.3665447166721636,2.01691490381274,1.7899662927075835,1.918390876426282
"[0, 1, 12, 1, 2]",4.953757544606621,4.428936534092364,4.919733462723902,4.914856298975248,4.327877308232211,4.972934190218731,4.410612216337269,4.952255696600672,5.558324438586487,4.710102166331109
"[1, 0, 12, 1, 2]",1.5043124643630137,1.3241010825398902,1.5343334558396178,4.959352587953422,1.6236344323890024,1.5668366094660386,1.888599603349375,1.689215627403025,1.8181401280676959,1.8337076470963913
"[0, 1, 13, 1, 0]",1.9183583549187257,1.861352566321116,1.9313694770898866,1.75637070650158,1.4715043404530062,2.0945443980939618,5.195849469828118,1.8033102433595267,2.2282843891433095,1.9582446298198153
"[0, 1, 13, 1, 1]",0.24321397146192328,0.5682610272435775,0.518543464851676,0.13561802776359216,0.23251890288931898,0.26630196910494053,5.110808649999766,0.27282878050571435,0.44718489395550076,0.5402373093348416
"[1, 0, 13, 0, 0]",1.0331846110460217,0.767597302632417,1.0170769855741257,0.18322862084675556,0.4566313390497113,0.7529541950967552,0.07463845131566145,1.1573732631754798,5.823170267234515,0.6349715354768649
"[1, 0, 13, 1, 2]",2.9641147189819694,2.730833950200873,3.0093154786541705,3.4047821348174447,2.3614611321230083,2.9928513167452953,2.7862247841948253,3.21764754042464,5.457479992897508,2.8091052830206387
"[0, 0, 14, 0, 2]",1.931929367626868,1.9227341630217676,1.9204927713495576,1.8173772674890578,1.5476692227773865,1.9202789109352625,1.9352417767194212,1.9205294059086369,1.9250835126177357,2.5501698429853032
"[1, 0, 14, 0, 2]",1.0248676997467272,0.8011638858069622,1.4854331765160582,0.27588463107209965,1.3166634024983663,0.7441776713963928,0.6736710615340138,1.2029799230547735,5.135538248964945,0.9316298759621776
"[1, 0, 15, 0, 2]",0.0,0.10080580944761837,0.0008547742869474843,0.0,-0.0051655976077550235,0.00010597311594644318,0.0,0.0,0.0,0.00023274676189305219
"[0, 0, 15, 0, 2]",0.15825542331779782,0.15884143553119573,0.2194904525764876,0.11792403825292766,-0.34166104197581404,0.15730093315211952,0.16035082352385582,0.1530948511557096,0.15594250529173714,0.13111519164345048
"[0, 1, 15, 0, 2]",0.00014457164646208934,0.17345954600071478,0.0008799371944310651,0.0030307104925785845,-0.02594835981385596,0.0026031768465773104,0.0006760082453781299,0.0020491960839325975,0.0019107206086698253,0.00031794746902124086
"[0, 0, 16, 0, 3]",0.007558807108217336,0.00469582695142133,0.057773581262839414,0.0009872802232997876,-0.08934298594902962,0.004383534825298979,0.005952860240409826,0.0027827495115317676,0.005874021514296579,0.004395886714072985
"[0, 0, 17, 1, 1]",3.4241432445374085,3.2037975627961863,3.4669211431607065,2.231765763791846,2.8699596710913484,3.612490242639955,3.107143551802834,3.2384206635636468,5.462039932665388,2.3531742109671736
"[0, 0, 18, 1, 1]",2.1267605849039977,2.5093603945835214,2.2929351104523676,0.8313570352753683,1.8658614608837882,2.465947112660501,2.17388497828782,2.449816016774257,5.422437453470261,1.9497121636110548
"[0, 1, 18, 1, 1]",0.021684778903382013,0.04245686894526534,0.018011322102947397,0.0,-0.001724087594661603,0.03814108537098326,2.434273814887334,0.0,0.02504710711952904,0.026770082000154967
"[0, 0, 19, 0, 1]",7.671925451092761e-05,0.0014019375127469907,0.012646416534048943,0.0001525670323695753,-0.03475802384499561,0.0003907785299209984,0.000319111612363336,0.00030617229188881597,0.0002728604485475101,0.0002415770314370965
"[1, 0, 19, 0, 1]",0.0,0.0,0.0,5.903976683710126e-07,-0.01194,0.0,0.0,0.0,0.0,0.0
"[1, 0, 19, 0, 2]",0.0,0.0,0.0,0.0,-0.006,0.0,5.018120760341958e-05,0.0,0.019254754432065563,0.0
"[1, 0, 19, 1, 2]",0.0,0.0,0.0014333137376334978,0.0,-0.006,0.0,0.0,0.0,0.3174245555642988,0.0012661642726993225
"[0, 0, 19, 1, 2]",0.17198251631190029,0.10849178786359559,0.048505427119811956,0.03601967702829838,0.08906229799680464,0.047962127955782016,0.07961589470701937,0.08294401282655109,2.7266926564664837,0.05503556127355479
"[0, 0, 19, 0, 2]",7.775386720916891e-05,0.0,0.008547153464948061,0.0,-0.017767791818936486,5.1195447534640816e-05,7.796122626371409e-05,5.0889041758004654e-05,0.0,0.00028015932988859006
"[0, 1, 19, 0, 2]",0.0,0.0,0.0,0.0,0.0,0.0,0.0,0.0,0.0,5.4000000000000005e-05
"[0, 1, 19, 1, 2]",0.0,0.0,3.221475693006262e-05,0.0,0.0,0.00013681005368505308,0.05760386339845291,0.0,0.0,0.0
"[1, 0, 12, 0, 2]",1.1494573721317665,0.2922824771710425,1.0383663312628797,0.18543011216853988,0.8267807161895442,1.218780570319115,0.18267379767844819,1.3388159962198876,5.026953817948073,1.5234731143067868
"[1, 0, 13, 0, 2]",0.5405558371516143,0.26285438393581845,0.7243772097646459,0.14015064638089617,0.39649075971272046,0.8383811974456862,0.1699281517804218,0.6121161315809233,5.480553072462232,0.5514729303544911
"[0, 0, 14, 1, 0]",4.7275575728663135,4.747531734931787,4.755751299213976,4.19594077727243,4.139174354846754,4.758211582646757,4.758762901745544,4.71649010180776,5.193480839609724,4.529765763799011
"[0, 1, 14, 1, 0]",2.4394792352474366,2.5762988743629656,2.195535228326906,2.2837677757421155,2.286264899465475,2.563143256966501,4.751587500180722,2.703941792453729,3.120137229143909,2.6641254884989993
"[0, 1, 14, 0, 2]",0.05889806338044432,2.0357913750402505,0.014286716469398313,0.020656476431846156,-0.0032715388753552094,0.0526585943885038,0.05574773794887046,0.05089043500303245,0.0020128012747861815,0.03306462822114267
"[0, 1, 15, 0, 1]",0.5394469801280003,0.18853919372897543,0.5281926738210995,0.49162752286333233,0.24798956811003603,0.4416756586872356,0.24717042373923,0.4827102147060857,0.4486116057901526,2.257961355497022
"[1, 0, 15, 1, 2]",1.033950062517032,1.036064731378506,1.0308412017854747,0.9440710622594924,1.088128735258807,0.9063525117684974,1.0463409608226735,0.606244911515126,5.776584724861166,0.8171434782118275
"[0, 1, 15, 1, 2]",4.077732741223536,4.227400319214773,4.306900935566168,4.117014994530116,3.691546280099341,4.235875660495358,4.402171589132637,4.257805845546931,5.712512932172774,4.0964081770745855
"[1, 0, 15, 1, 0]",2.6465489304336534,2.5290730233291785,2.6633531073595638,2.205602619858209,2.583363252439614,2.387081781691333,2.7746873418975238,2.3748659195138844,5.888308358510573,2.8246556934620006
"[0, 0, 15, 1, 0]",5.233472539945647,5.229810025043483,5.233567078732477,4.4713582247769414,4.606730437086115,5.2145072755667945,5.242986930452431,5.205529426308106,5.780887630586044,5.245751983356373
"[1, 0, 14, 1, 2]",1.8238448118971682,5.049042655010441,1.5024599042977311,1.1785854625232217,1.1214022134259962,1.7939370222137028,1.7452407972869377,1.820467082894352,1.6773643881493576,1.6930580240187754
"[1, 0, 14, 1, 0]",3.870979341312806,3.908650746014654,3.9981288971765947,3.822511858342961,3.3705890407044024,3.861770329592227,4.762693755858212,3.896493722470687,4.418032662932619,3.9560061475949193
"[0, 0, 15, 1, 3]",5.001909234414029,5.00037120526788,5.091145051947549,4.282985725879581,4.373671964538613,5.036740936350795,4.904162715532496,5.038526701784301,5.817571411632466,4.766508153545576
"[0, 1, 15, 1, 3]",0.2123661917130614,5.109040922908816,0.22655949726897384,0.26356330151903434,0.15659152354351888,0.2321719748909459,0.2511494904697574,0.3928823239002669,0.17972978085598243,0.3535573392199377
"[1, 0, 15, 1, 3]",0.3256786153918404,0.6209203987735685,0.40202920780572987,0.36311030284815404,0.36639448702613103,0.4551149117665275,0.5596861984772855,0.27304147266375334,5.503778631549101,0.21717095827602884
"[0, 0, 15, 0, 3]",0.04884638982972494,0.049707555564771064,0.16907933851934476,0.01095394661933982,-0.2634281656457468,0.06244032317134835,0.04266711848846645,0.04014235460186432,0.039538864071551376,0.06041925338948811
"[1, 0, 13, 0, 1]",0.0007069066555895524,0.19097888158929963,0.0010590485041289837,0.0016156360050638798,0.0,0.001606456601529156,0.005330874074291476,0.002219200644908803,0.0,0.0014151281209642819
"[0, 1, 15, 1, 0]",0.8604854191059587,0.6587800636438625,0.6028020302757157,0.6350365692596607,0.5522967095581991,0.9753165510566502,0.8437530286558729,0.4916588976390305,0.6981301263972663,4.885400255835138
"[1, 0, 16, 1, 1]",0.0802775194347496,4.837251139299262,0.23080240041053496,0.19017131683978664,0.02473075132903757,0.04609652147283793,0.19984525441419418,0.1409821828306969,0.09857734617549571,0.26964260982781835
"[0, 1, 12, 1, 3]",4.674940364084103,4.11186170142359,4.646951516410692,4.718566267863009,4.055568377504102,4.677272019870464,4.1250857492192665,4.669048260183574,5.20358103435503,4.474440941044354
"[0, 0, 12, 1, 3]",0.954975690930422,1.041644857252683,1.3192085201134378,4.690358148028598,0.6145563791765342,1.4704101413815398,0.7130279405098566,0.9244813646557578,1.0665522659504867,1.171858162477737
"[1, 0, 12, 0, 3]",1.0480478292651214,0.24617167159924014,0.6470045192100468,0.06271135129617468,0.7130699638269756,0.612811416304394,0.17062109995474176,1.033073714113122,4.774433948523945,0.7616477160469822
"[0, 1, 12, 1, 4]",2.262066166169204,2.330107623505979,2.103601298175238,2.3687582413005748,1.8258813810792067,2.330245014021402,2.2115536801632465,2.3887589086773007,4.95409157763355,1.9322973134455717
"[0, 0, 12, 1, 4]",2.19359819482613,2.1170306308162807,2.2170799351340587,2.2936575530092274,1.6409611036033074,2.5342116594287893,1.9789869897941714,2.2541846082107604,4.767872351708117,1.515298676542677
"[0, 1, 12, 0, 4]",0.005242583470242519,0.0031219048994778125,0.0016166985582151505,0.005687851182414733,-0.0236338203821503,0.0023524216185691676,0.2835548219911964,0.0018969392208438118,0.0038410119047787798,0.00421193350107862
"[0, 0, 12, 0, 4]",0.21774483223665922,0.2130863405834848,0.3813746006069527,0.13299757367575596,-0.284434173770022,0.2256891615705741,0.2152583428411578,0.2884615843004664,0.22126683094411626,0.23922209201397876
"[1, 0, 12, 1, 3]",0.9011528546955186,0.9659497374725916,0.9285518678831579,4.7183645804375685,0.8014833538712832,0.6636194234948327,0.5797820963600844,0.8805654723115344,1.0182989218873821,0.8959641599737374
"[1, 0, 12, 1, 4]",0.030008981294779954,3.4854975085831654,0.014795565108225774,0.04272810195212329,0.014001803242055235,0.050803068597384524,0.10838745238340888,0.07256839044247942,0.05276661403068569,0.008861329081034609
"[1, 0, 12, 0, 4]",0.0009194695831791587,0.0,0.0,0.0,0.0,0.01206674478107497,0.001241515863532751,0.0,1.0784172515102513,0.0
"[1, 0, 18, 1, 1]",0.024123096486452743,0.14753036960227583,0.05382322486253009,9.249675940871759e-08,0.008299520919143141,0.03754991692980285,0.0,0.0286129341726201,2.0797486877691087,0.014351764516320635
"[0, 1, 13, 1, 3]",4.278584854614696,4.449630633186746,4.1253489366102,4.16621696012488,3.606748082689806,4.162640194563493,4.376192844152159,4.087265689921809,5.106692062688777,4.1022515785851335
"[0, 0, 13, 1, 3]",4.584830816786559,4.49029152679832,4.494903919229733,4.301645908165634,4.04551637601494,4.601307083777475,4.548792564234645,4.628848448685476,5.532136035979676,4.531305448694944
"[0, 1, 13, 1, 4]",0.537431497714101,0.1182156052046441,0.2705158202491985,0.6499460930549431,0.34790002609807397,0.44424797209654204,0.11978265058847264,0.5060030154554053,4.403734927846006,0.1943815942549029
"[0, 0, 13, 1, 5]",0.0025834795569172246,0.0,0.0,0.0029933749336183467,-0.010133973353350511,0.0,0.0009637818992216714,0.00823562660399434,0.44244006157750254,0.002737574920101664
"[0, 1, 13, 1, 5]",0.0006444478533127183,0.0,0.007593946850953643,0.004896195581016412,-0.006,0.005931275308973656,0.002891208459328545,0.003853585222162084,0.7598017791239604,0.0
"[1, 0, 13, 1, 5]",0.0,0.0036682455922003323,0.0,0.0,0.0,0.0,0.0,0.0,0.0,0.0
"[1, 0, 13, 1, 6]",0.0,0.0,0.0,0.0,-0.006,0.0,0.0,0.0,0.04155101871093564,0.0
"[0, 0, 13, 1, 6]",0.0,0.0,0.0,0.0,-0.006,0.0004304910202230225,0.0004304910202230225,0.0,0.053354012224532475,0.000161838054
"[0, 0, 14, 1, 6]",0.009151857522918604,0.004699288341498812,0.003,7.106923365929843e-05,0.0007848186531331175,0.025358524958545115,0.039754634738010865,0.014395722251542833,1.1505038798071718,0.0051309285128450025
"[0, 0, 14, 1, 5]",0.19697192508671454,0.24039048010976755,0.10054559288988754,0.0030295491867425874,0.17761977736693238,0.19998916480210704,0.20471129056867637,0.15072234578023866,3.4812710146613655,0.1863508480997834
"[0, 1, 14, 1, 5]",0.0,0.0,0.0,0.0,0.0,0.0,0.16201440159890756,0.0,0.0,0.0
"[1, 0, 14, 1, 5]",0.0,0.07347769987578007,0.0,0.0,0.0,0.00010633881437807386,0.0,0.0,0.0,0.0
"[0, 0, 14, 0, 5]",0.0024083881100041477,0.0010596616606882233,0.033378906552404414,4.397545233415971e-05,-0.0615417445862112,0.008133702876217919,0.0011973580998618865,0.005960609976985009,0.0018063996192734467,0.0008808600289740231
"[0, 1, 14, 0, 5]",0.0,0.0014781725018883447,0.0,0.0,-0.006,4.888056042198266e-07,0.0,0.0,0.0,0.0
"[1, 0, 14, 0, 5]",0.0,0.0,0.0,0.0,-0.006,0.0,0.00037667501091671266,0.0,0.0,0.0
"[0, 1, 15, 0, 5]",0.0,0.0,0.0,0.0,-0.006,0.0,2.659782275177405e-05,0.0,0.0,0.0
"[0, 0, 15, 0, 5]",0.0,0.0,0.00592283474219245,0.0,-0.0119132420302646,2.6731211765663204e-05,0.0,0.0,2.66510982972703e-05,0.0
"[1, 0, 15, 0, 5]",0.0,0.0,0.0,0.0,-0.006,0.0,0.0,0.0,0.0,0.0
"[0, 0, 15, 0, 4]",9.773434514507182e-05,0.0002844443250041856,0.021063646020383922,0.00011991782694833884,-0.03508382530072302,0.0002068500045447827,0.002483089970784212,0.005325020541682472,0.0003113512424281408,0.0031511898014781694
"[1, 0, 15, 0, 4]",0.0,0.0,0.0,0.0,0.0,0.0,0.0,0.0,0.26826535858912237,0.0
"[1, 0, 16, 1, 4]",0.0,0.0,0.0,0.009411190059032168,0.0,0.0,0.0,4.86e-07,0.0,0.0
"[0, 0, 16, 1, 4]",0.0011803583885106224,0.0005419762589235603,0.10029893071825018,0.019917693034392746,-0.01670643058656673,0.002372232392835334,0.0006383795686160647,0.003508812807273393,0.01330955424977971,0.003271111042604018
"[0, 0, 13, 0, 3]",0.34002403494724,0.34102049226215225,0.5268996755981594,0.31242113830594864,-0.21596648302503202,0.3954787548210444,0.3457171510260778,0.3453923581821527,0.3434048644884554,0.29187971139450736
"[1, 0, 13, 0, 3]",0.0,0.25499842190206967,0.0028046423357574917,0.010170146743890371,-0.008623222580952754,0.0021781429777445304,0.00781444944283462,0.00010414724500180892,0.10111167453920511,0.0
"[0, 1, 13, 0, 3]",0.014870828564895376,0.013599013357441868,0.012515474379599498,0.02656392643804212,-0.02441736093569956,0.01785818054068907,0.40356740649418776,0.017859169226408435,0.027537920077756035,0.01088768338602196
"[0, 0, 12, 0, 12]",0.010320985961002036,0.010271411487487246,0.08484706667970512,0.001050425573977759,-0.13344839434835806,0.015204157472888521,0.010582270071736713,0.013261844560587465,0.009228129791486333,0.009414761845100377
"[0, 1, 12, 0, 12]",7.189679205470602e-05,0.0006733142038676587,0.0,0.0,-0.011255245302643525,0.0,0.011216037364748686,0.0,0.0,9.512611447835233e-05
"[0, 0, 12, 0, 11]",0.012783968952419301,0.009107951186211223,0.08284877518735566,0.0011293866425493054,-0.0982253453054922,0.011669108824407033,0.010784823497715012,0.00874754804123579,0.01030038109166782,0.01038770443052463
"[0, 1, 12, 0, 11]",2.4227172875700005e-07,0.0,0.0,0.0,-0.006,0.0,0.012382921079330395,0.0,0.0,0.0
"[0, 0, 12, 0, 10]",0.008967073856256154,0.011243445736209421,0.08174274941361907,0.0010989376800688956,-0.1299378428157442,0.010983056582611483,0.008000917226532712,0.009163858792532132,0.006883478614993063,0.01313567495897756
"[0, 0, 12, 0, 9]",0.00835220179133675,0.009597253208254233,0.08301393336072992,0.0016123314151183822,-0.14643697283213847,0.011962702867472062,0.010656075822742972,0.008070685012971519,0.01264121758222836,0.013015849580106936
"[0, 0, 13, 0, 10]",0.00013024141807823286,0.00017919822692481492,0.014474308125688251,0.0,-0.011836762485130265,0.00015559920703755813,0.00015470327668128459,0.0,0.0,0.00015281938959053442
"[0, 1, 13, 0, 10]",0.0,0.0,0.0,0.0,0.0,0.0,0.0,0.0,0.0,0.0
"[0, 0, 13, 0, 9]",0.0,0.00010343666566037195,0.016944223042749482,0.00010374154557158562,-0.006,0.0,0.00022506418108452547,0.00015119555892058792,0.0,0.0001247051688825433
"[0, 0, 13, 0, 8]",0.001076299657227661,0.0003335291125422014,0.030653028960078745,6.31844221274529e-05,-0.011768021173650915,0.00033872354945978206,0.00035932829809507826,0.0006738215937203578,0.0001559218407261919,0.0013666577756492168
"[0, 1, 13, 0, 8]",0.0,0.0008619840404431872,0.0,0.0,-0.01194,0.0,0.0,0.0,0.0,0.0
"[0, 1, 14, 0, 9]",0.0,0.0,0.0,0.0,0.0,0.0,0.0,0.0,0.0,0.0
"[0, 0, 14, 0, 9]",0.0,0.0,0.0,5.245572796016678e-05,0.0,0.005758595585597185,0.0,0.0,5.240327223220662e-05,0.0
"[0, 0, 14, 0, 8]",0.0,0.0,0.0,0.0,0.0,0.006,0.0,0.0,0.0,0.0
"[0, 0, 14, 0, 7]",0.0,0.0,0.003,0.0,-0.01194,0.0,0.0,0.0,0.0,0.0
"[0, 1, 14, 0, 7]",0.0,0.0,0.0,0.0,-0.006,0.0,0.0,0.0,0.0,0.0
"[0, 0, 14, 0, 6]",4.989568270394873e-05,4.949791153076453e-05,0.020695236435349273,0.0,-0.011889854088697444,0.00010185695101519355,5.1725582862978284e-05,0.0,0.00020890886397630448,5.085324758296811e-05
"[0, 0, 15, 0, 7]",0.0,0.0,0.0,0.0,-0.006,0.0,0.0,0.0,0.0,0.0
"[0, 0, 15, 0, 8]",0.0,2.4442760106817007e-05,0.005686014908138121,0.0,0.0,0.0,2.456534140596338e-05,2.461454588318387e-05,2.6175434479987205e-05,2.6280398496678254e-05
"[0, 1, 15, 0, 8]",0.0,0.0,0.0,0.0,-0.006,0.0,2.483718852431328e-05,0.0,0.0,0.0
"[0, 1, 15, 0, 7]",0.0,0.0,0.0,0.0,-0.006,0.0,0.0,0.0,0.0,0.0
"[0, 0, 16, 0, 7]",0.00013806941624944222,0.0003019897172184487,0.006034657685692391,1.7750373726291985e-06,-0.034835950450405724,0.0002651905372313563,0.0003320145646150582,0.004148645302934588,0.00015710211386749118,0.00017648531733806835
"[0, 0, 16, 0, 6]",0.0,2.5443722420436244e-05,0.005823010656781738,0.0,-0.006,0.0,0.0,5.1979377780302814e-05,0.0,0.0
"[0, 0, 16, 0, 5]",0.0,0.0005152650993563493,0.019432363451333035,0.0,-0.04607676397987174,0.00010242831925129898,7.212132647770703e-05,0.00012575127908902395,0.0,2.649159094133877e-05
"[0, 1, 16, 0, 5]",0.0,0.0,0.0,0.0,-0.006,0.0,0.0,0.0,0.0,0.00010223876874638086
"[0, 0, 16, 0, 4]",0.0007312266845605549,0.0005937297141736505,0.0037158437834849947,1.7953419243593294e-05,0.0,0.037694156504889,0.0006502548927972316,0.006362318887048731,0.0009649390860980312,0.0012274022738161636
"[0, 1, 16, 0, 4]",0.0,0.0,0.0,0.0,0.0,1.3800793165932956e-06,0.0007850631496260275,0.0,0.0,0.0
"[0, 0, 17, 0, 4]",0.00029716956162366854,0.00019859054242930642,0.00333253770869748,5.421122888326196e-06,-0.023129698125111165,0.02126371373799692,0.0005546952157209694,0.00044872346083590735,0.00025473417614970317,0.0007218251191545605
"[0, 1, 17, 0, 4]",0.0,0.0,0.0,0.0,0.0,0.0,0.0005891099834759505,0.0,0.0,0.0
"[1, 0, 17, 0, 3]",0.0,5.200045291955236e-05,0.0,0.0,0.0,0.0,0.0,0.0,0.0,0.0
"[1, 0, 17, 0, 4]",0.0,0.0,0.0,0.0,0.0,0.0,0.0,0.0,0.026250106669374808,0.0
"[1, 0, 17, 1, 4]",0.0008730675635664513,0.0,0.0,0.0,-0.005519327889979208,0.0,0.0,0.0015081544221259597,0.19976003066412207,0.0
"[0, 0, 17, 1, 4]",0.023845480108325982,0.03694135218106037,0.09123862693824647,0.0005013309196039335,-0.004951250668579681,0.021245654374891336,0.02281052620360833,0.01220435955781497,1.178320337918599,0.00814775650822892
"[0, 1, 17, 1, 4]",0.0,0.035341507999540764,0.0,0.0,-0.006,0.0,0.0,0.0,0.0,0.0
"[0, 0, 18, 1, 5]",0.005190082831803854,0.0,0.015219887316972689,6.600478017132403e-05,-0.008110937832840903,0.01573295468750932,0.007146732325020362,0.007613162217289515,1.0678788034952338,0.008441065821310038
"[1, 0, 18, 1, 5]",0.0,0.0,0.0,0.0,-0.006,0.0,0.0,0.0,0.0594785560545006,0.0
"[0, 1, 18, 1, 5]",0.0,0.015427278740413547,0.0,0.0,0.0,0.0,0.0,0.0,0.0,0.0
"[1, 0, 18, 1, 0]",0.5137447942003788,0.5839650069279776,0.6423770704883286,0.3631295727638536,0.39633781604952406,0.402971831378963,0.6551515270959085,0.535975191689476,5.647560359633672,0.6224130136811181
"[0, 1, 18, 1, 0]",0.14242131321187695,0.03344465068358414,0.0672859876238383,0.012847944518330504,0.0911393384104539,0.18187219387848838,0.13912459821786413,0.07226011098433742,0.1317537589854484,4.252811744243574
"[0, 0, 14, 1, 3]",1.1319530006421328,1.312501574706321,1.9650819793249537,4.923863513986208,0.8994896347504462,1.3631637457333894,1.0927971421694218,1.098655056982311,1.241189925391105,0.7462060795026393
"[1, 0, 14, 1, 3]",0.6160592096592471,0.8822084639056981,0.5344238273203831,0.6130495054924621,0.5429005939777318,0.6298910103065816,0.8302202868320305,0.3690487665942034,5.069300587104464,0.5632454944622067
"[0, 0, 14, 0, 3]",0.298670923218494,0.3227359854106506,0.4127802402381818,0.1863014447809189,-0.19804176444562904,0.33682292526394475,0.3094879388507497,0.35787873162642303,0.28814711842549023,0.962169888738549
"[1, 0, 14, 0, 3]",0.03384971683837818,0.0036212880594994356,0.019491406225324852,0.0036733210325542638,-0.0014244559551896358,0.028312495934469984,0.0,0.0004371548278919628,3.517566665906869,0.0
"[0, 1, 14, 0, 3]",0.005039204698755895,0.020455895126697925,0.01018257255275343,0.0034944258263544747,-0.018684903319878158,0.003958738558270016,0.4287848203874484,0.003452899463903851,0.0071161764664248875,0.013271039785916917
"[1, 0, 17, 1, 1]",0.011681073741419594,0.09368440551500117,0.0047715624169671084,1.738120006491459,-0.0058538338706542285,0.011987902674701359,0.042707303359916536,0.02278071273235032,0.006099883200430921,0.007326879188792504
"[1, 0, 13, 1, 3]",0.41209738610997576,0.9653788642395951,0.41536737903557175,0.8541898282348312,0.5590132760979476,0.4925078089938791,0.5140380579831891,0.5677487222093234,5.504907723812796,0.6862155879377764
"[0, 0, 13, 0, 4]",0.03962872837415284,0.031305642658426364,0.1200113655135841,0.015271502696122138,-0.24027425889276796,0.03805927674723752,0.038571395263396153,0.03250354170773863,0.03927433313085938,0.018648007298860056
"[0, 1, 13, 0, 4]",0.0,0.0021191300224899377,0.00019627973702395692,0.00046815480016909784,-0.017081363250220874,0.0007081659595908148,0.061597007037041095,0.00027415592483247107,0.00040529891248319605,0.0013364799319904707
"[0, 1, 14, 0, 4]",0.00020632562375849298,0.02707600316541246,0.0,0.00015310367266854405,-0.011759559610724392,6.708245842512077e-05,0.0,0.0,0.0,0.0003468364630135671
"[1, 0, 14, 0, 4]",0.0,0.0,0.0,0.0,0.0,0.0,0.0,0.0,0.06990321240143485,0.0
"[1, 0, 14, 1, 4]",0.012290777187814638,0.001451078687703399,0.008406761443648204,0.05055305875099908,-0.010720017989952993,0.0015325043321878975,0.01871515975096231,0.0021585440292983503,0.6650050259296636,0.00181464794031958
"[0, 0, 14, 1, 4]",0.05730142679691455,0.04815074037261078,0.8765451314659989,0.30259300952426604,-0.03402398311955932,0.057406511464082655,0.07131167477112643,0.06146556583408617,0.14420636132931428,0.047415898527615775
"[1, 0, 16, 1, 3]",0.006854442590565012,0.01586112908594553,0.0005669389282038181,1.450427755029275,-0.006,0.003644300544365847,0.0,0.0,0.007895215388679601,0.0005669389282038181
"[1, 0, 17, 1, 3]",0.0,0.0,0.004866123140542897,0.0492545455745853,-0.003466773466404258,0.00140774033912958,0.0,0.0,0.6660679305879079,0.0
"[0, 0, 18, 1, 3]",0.0,0.0,0.06426600588896099,0.0,-0.005844122852065322,0.0005041295404809518,0.0005683083778858801,0.0,0.0,0.0
"[0, 0, 18, 1, 2]",0.03725013575714799,0.025208523204435635,0.693465167962088,0.00017111565994995645,-0.05298607114450962,0.042106299343537455,0.03983855902836323,0.04230606144068449,0.17790541508694133,0.032291056334303465
"[1, 0, 18, 0, 0]",0.009386212844761531,0.017692263562255853,0.0,0.00014086901291534282,0.0,4.3200125757925784e-07,0.0019564144969018925,1.6627090224309732e-05,1.5145735361224932,0.0
"[0, 0, 17, 1, 2]",3.0453132035368435,3.04723371908291,3.2064157727172455,1.423642313370055,2.4358304513085507,3.0669200200671467,3.086049605737273,2.8014405599691283,5.724110617457445,2.3122755945093516
"[0, 1, 17, 1, 2]",0.0,0.0,0.009841340834411367,0.0,-0.007528992101938801,0.07105654485282525,3.2486825652178313,0.03125162204314967,0.06459633598747988,0.05093871547762732
"[1, 0, 17, 1, 2]",0.008102930479039441,0.12422500472575702,0.05497146238947127,0.021431080985068178,0.024654950450731163,0.025868036425716518,0.32487813115399833,0.10230952633983748,3.2483708268143348,0.04143483887791029
"[0, 1, 14, 1, 3]",4.9019355603639045,4.140169717625599,4.92668298642743,4.882919808518745,4.282337611438731,4.8569725074871135,4.084365630989164,4.904092362845446,5.804485855075349,4.3768533516679184
"[1, 0, 13, 0, 4]",0.0,0.0,0.0,0.002970906670678391,0.0,0.0,0.0,4.0076210997921447e-05,0.03623272620788382,0.0009183785391089057
"[0, 1, 15, 0, 3]",0.0,0.03680497988161582,0.0,0.0002317193605757841,0.0,0.0002737802305134474,0.001332051907628798,5.490695533644978e-05,4.417405603613415e-05,8.541733018687009e-05
"[0, 0, 12, 0, 5]",0.03136335881408733,0.028336070136956507,0.08777622250628972,0.0057573069120052285,-0.26124561414906694,0.029534990267872284,0.026828808284708364,0.034467178064890275,0.025550830424168048,0.022031651485314656
"[1, 0, 12, 0, 5]",0.0,0.0,0.0,0.0,-0.005976509724709076,0.0,0.005248163502510179,0.0,0.0,0.0
"[0, 1, 12, 0, 5]",0.0,0.0,0.0,0.0001465860222928893,0.0,0.0,0.02970180264632633,0.0002248626085981972,0.00024151864424374036,6.494051069017915e-05
"[0, 0, 14, 0, 4]",0.01487313083027829,0.013848332263196305,0.14928195668258712,0.002546687179304299,-0.12057077955938232,0.019206271287458703,0.016479797776313886,0.027171097098746055,0.02065346633149288,0.020974548351471924
"[0, 0, 20, 0, 1]",0.0004092444578125468,0.00041462692379116875,0.01994453003842524,1.796897025599526e-07,-0.03480909624315105,0.00031642923201871144,0.0003187648542457641,0.0007235683767569836,0.00037803233521512984,0.0005809308608451756
"[0, 0, 12, 1, 5]",0.004942174365227236,0.006013983167724481,0.7824490550079983,0.038303649787500844,-0.007341280287004763,0.0026855197303591962,0.01064869298465412,0.006874528728514555,0.02504143998235195,0.023959017349463985
"[0, 1, 14, 1, 4]",0.3108755106240271,0.051791604287309306,0.3623339224556443,0.3148180152507703,0.29994860908028753,0.2323308328427541,0.05691701849903766,0.22850146982104572,3.9678937418966407,0.10237990212716035
"[1, 0, 15, 0, 3]",0.0,0.0,0.0,4.9328755865167e-05,0.0,0.0,0.007371254120704699,0.0,0.6377804536270333,0.0
"[0, 0, 13, 1, 4]",0.13894142689198535,0.0577593997689572,1.822451537181814,0.2742240127948068,0.0386219404520501,0.13064947329815998,0.0749200688421137,0.08951326228677395,0.0945536809446492,0.06617024967192313
"[0, 0, 19, 1, 1]",0.04852970115158789,0.035591053201051284,0.08918007314889774,0.018862309520249813,0.005875763689926261,0.07235176497906497,0.11057820633102178,0.06403347026794128,2.1581591077159,0.05056187039027187
"[0, 1, 19, 1, 1]",0.004501446341404352,0.03977016995845943,0.0,0.005197592924962837,-0.017811483094995823,0.0027766784772668054,0.0,0.0,0.699893233569227,0.0
"[1, 0, 19, 1, 1]",0.002067253293829815,0.0,0.0021198233492600704,0.0,0.0,0.0006326302001242361,0.0,0.0006326302001242361,0.2028458993473302,0.0
"[1, 0, 13, 1, 4]",0.001603652461389576,0.26765370705279345,0.0,0.0,-0.010336347538610423,0.0008750854100799173,0.0,0.0,0.0,4.5344008156798755e-05
"[0, 1, 16, 0, 3]",0.0,0.0,0.0,0.0,-0.006,0.0,0.0039921235700241696,0.0,1.2625236391150668e-05,0.0
"[1, 0, 16, 0, 3]",0.0,0.0,0.0,0.0,0.0,1.2538924395010246e-05,0.0023368856580377566,0.0,0.0,0.0
"[0, 0, 13, 0, 5]",0.0019785778557759367,0.00205297650936736,0.06398111885438522,8.081868659747356e-05,-0.028338188755730638,0.0016373218110729431,0.0015881228598078243,0.0017371421845967078,0.0013670212407555114,0.0015233233196290474
"[0, 1, 13, 0, 5]",0.0,0.0034316557755929176,0.0,0.0,0.0,7.513452075076913e-06,0.0,0.0,0.0,0.0
"[1, 0, 13, 0, 5]",0.0,0.0,0.0,1.6402578063252482e-06,0.0,0.0,0.0,0.0,0.0,0.0
"[0, 1, 15, 0, 4]",1.6255506117373156e-05,0.0,4.119212192322291e-07,4.782996547917802e-07,-0.011939573339837896,0.0,0.0,4.0153867572452545e-07,0.0,0.0037704463921302677
"[1, 0, 15, 1, 4]",0.11186911818616906,0.3354929717049937,0.2050829743435151,0.06502445873922144,0.20236425608216643,0.0915362841072774,0.1690409102337539,0.08474083878107211,4.678103770906695,0.06352835116855352
"[0, 1, 15, 1, 4]",0.05049368936093766,0.2536053632216758,0.009167629561547335,0.05611362460168289,0.012032221761521383,0.020913418273261257,0.0941827843915074,0.03326549156013378,0.03185863490141526,2.7322332096223243
"[0, 0, 15, 1, 4]",3.0721319689639053,3.409243438624633,3.2510177241096994,0.9909911634765718,2.657919088071504,3.030267700523152,3.055442911368029,2.469467642666035,5.770722561779332,2.96107348323849
"[1, 0, 21, 1, 0]",8.759522477378958e-05,0.0,0.0,0.008030405360269893,-0.006,0.004167742337500817,0.7511503580036356,0.0,0.010607508213272339,0.0
"[0, 0, 21, 1, 1]",0.0,0.000107946,0.0,0.0010066499361492253,-0.0177666,0.0,0.0,0.0,0.1017685948015445,0.0
"[0, 1, 21, 1, 1]",0.0,0.000658503528430596,0.0,0.0,-0.006,0.0,0.0,0.0,0.11184999290546947,0.0
"[0, 1, 21, 0, 1]",0.0,0.00019259774492248337,0.0,0.0,0.0,0.0,0.0,0.0,0.0,0.0
"[0, 1, 22, 0, 1]",0.0,0.0,0.0,0.0,0.0,0.0,0.000280541255385677,0.0,0.0,0.0
"[1, 0, 22, 0, 1]",0.0,5.4000000000000005e-05,0.0,0.0,0.0,0.0,0.0,0.0,0.0,0.0
"[0, 0, 22, 0, 1]",0.0005945675724325888,0.0001692619208046505,0.000448434644653156,2.68834635763031e-06,-0.034040937616287306,0.009066413881590348,0.0003652658560025729,0.00035455814223081685,0.0004575441810626522,0.0003646858422187341
"[1, 0, 22, 1, 1]",0.0,0.0,0.0,0.0,0.0,0.0,0.0,0.0,0.0,0.0
"[0, 1, 22, 1, 1]",0.0,0.00149176380363684,0.0,0.0,0.0,0.0,0.0,0.0,0.0,0.0
"[0, 0, 22, 1, 1]",0.0,0.0,0.000750826463535553,0.0,0.0,0.0,0.0,0.0,0.31622456910816715,0.0024114987151279965
"[0, 1, 18, 1, 2]",0.0,0.015856484238258937,4.779874217492934e-05,0.0,0.0,0.0,0.0,0.0,0.0,0.0
"[0, 1, 12, 1, 5]",4.281111840637493e-06,0.013156658764156958,0.059253527555940114,0.013524849038957268,0.010470404638829428,0.020364197961474848,0.015362456540374058,0.002569365489893848,1.7182459225789353,0.02704544444303123
"[0, 0, 18, 0, 2]",0.00011363824696738785,8.041997667232479e-05,7.208329299915423e-05,6.967358719686968e-05,-0.09922601436703644,6.56896919999929e-05,3.291433148248511e-05,9.587491565059808e-05,6.214568376481809e-05,0.0022854071927737793
"[0, 1, 18, 0, 2]",0.0,1.4188189919069566e-05,0.0,0.0,-0.006,0.0,0.0,0.0,0.0,0.0
"[1, 0, 18, 0, 2]",0.0,0.0,0.0,0.0,-0.006,0.0,0.0,0.0,0.047777056168957034,0.00010769788259084429
"[1, 0, 18, 1, 2]",0.0,0.0,0.0,0.0,-0.0058002550733605,5.740196067291003e-05,0.060962473673456544,0.0,0.0,0.0
"[0, 1, 12, 0, 10]",3.8087308620852625e-05,0.012403608063471324,0.0,0.0,-0.0059736932947981195,0.0,0.0,0.0,0.0,9.002795994021106e-05
"[0, 1, 13, 0, 9]",0.0,5.212115141040418e-05,0.0,0.0,-0.011888583237040392,0.0,0.0,0.0,0.0,0.0
"[0, 0, 15, 0, 10]",0.0,0.0,0.003,0.0,-0.006,0.0,0.0,0.0,0.0,0.0
"[0, 0, 15, 0, 9]",5.2347578544136317e-05,0.0,0.005870479193250663,0.0,-0.017768304901088817,2.6411013390307097e-05,2.66232554719698e-05,2.694482087888261e-05,0.0,0.0
"[0, 1, 15, 0, 9]",0.0,2.593963456353525e-05,0.0,0.0,0.0,0.0,0.0,0.0,0.0,0.0
"[0, 0, 16, 0, 8]",5.448487282399706e-05,0.0,0.011471331947030119,9.632902230560094e-07,-0.011886003534145869,7.84912761229591e-05,2.7486000000000004e-05,5.437595756322189e-05,5.437595756322189e-05,0.0
"[0, 1, 16, 0, 8]",0.0,0.00015565188698875879,0.0,0.0,0.0,0.0,0.0,0.0,0.0,0.0
"[0, 1, 16, 0, 7]",0.0,0.00018230520400985603,0.0,0.0,0.0,0.0,0.0,0.0,0.0,0.0
"[1, 0, 16, 0, 7]",0.0,0.0,0.0,9.305859535996219e-07,0.0,0.0,0.0,0.0,0.0,0.0
"[1, 0, 16, 0, 8]",0.0,0.0,0.0,0.0,0.0,0.0,0.0,0.0,0.0,0.0
"[0, 1, 12, 0, 9]",0.0,0.0,8.226753667854797e-05,9.583755886293846e-07,-0.006,0.0,0.01434091925576872,0.0,0.0,0.0
"[0, 0, 12, 0, 8]",0.02434873054429062,0.018696352871956378,0.08596585507284099,0.005300274757569773,-0.22467377602592697,0.03388125372416037,0.022623842211934603,0.021386300321275215,0.025090713267088817,0.024424773095826177
"[0, 1, 12, 0, 8]",0.0,0.0,0.0,1.7939714509830695e-05,-0.01702036684791876,0.0,0.020625779997357024,0.0001577892152444862,0.0,0.0
"[0, 0, 13, 0, 7]",0.0009281428811048862,0.001989693929158986,0.007769715762041291,0.00020464032273832382,-0.05055741308158763,0.015303632635676231,0.001591498394923019,0.01535495795413507,0.0026447540846838693,0.0011344176551864164
"[0, 0, 13, 0, 6]",0.00030804502279256683,0.00020216854026166827,0.027807650338138167,2.42034279402882e-06,-0.01750937741427456,0.0002233400367568166,0.0005513646778162575,2.6655283145218793e-05,0.00030857164108773227,2.6896384592617764e-05
"[0, 1, 14, 0, 6]",0.0,2.7000000000000002e-05,0.0,0.0,-0.006,0.0,0.0,0.0,0.0,0.0
"[0, 0, 15, 0, 6]",0.0,0.0,0.0,0.0,-0.01194,0.006027,0.0,0.0,0.0,0.0
"[0, 1, 15, 0, 6]",0.0,0.0,0.0,0.0,0.0,0.0,0.0,0.0,0.0,0.0
"[1, 0, 16, 0, 5]",0.0,0.0,0.0,0.0,0.0,0.0,0.0001518433918446703,0.0,0.0,0.0
"[1, 0, 16, 0, 4]",0.0,0.00047435542111590797,0.0,0.0,0.0,0.0,0.0,0.0,0.0,0.0
"[0, 0, 12, 0, 7]",0.03174106913734376,0.02727806672409459,0.058868474276500625,0.020341627583223332,-0.3531416748402411,0.07931860827604878,0.037232498144932555,0.05128836922963129,0.02577539553168895,0.03367785128526157
"[0, 1, 12, 0, 7]",0.0001897270161686797,7.344642178203856e-11,0.00043467708417092404,0.00016913614570369104,-0.011563646465315693,0.0004490018164019652,0.033495175758349066,0.0002514544388440149,0.0,0.0
"[0, 1, 13, 0, 7]",0.0,0.00010412776157998381,0.0,0.0,0.0,0.0,0.0020590495912104993,3.945975929460457e-06,0.0,0.0
"[0, 1, 15, 1, 5]",0.0,0.0,0.001806026646649489,0.00037686788811113365,-0.004771566842358391,0.0,0.0,0.0,0.30148872994112413,6.151529973893981e-06
"[0, 0, 15, 1, 5]",0.0003423945621943588,0.0010140523883224858,0.3355281496335677,0.0,0.0,0.0,0.0020901637579980844,0.0010147771745254498,0.012621365024250814,3.159600417336773e-06
"[0, 1, 13, 0, 6]",0.0,0.00033886233908596547,0.0,0.0,-0.0059983046168459,0.0,0.0,0.0,0.0,7.32282464574221e-07
"[1, 0, 12, 1, 5]",0.0,0.0,0.0,0.0,-0.006,0.0,0.020892429765317674,0.0,0.0,0.0
"[0, 0, 12, 0, 6]",0.014940773501909182,0.021937397906902394,0.08193828842980638,0.005098524416362299,-0.19162696136500673,0.019525701795333607,0.02021229638796315,0.014708047655312808,0.01734005303414544,0.018370514002519954
"[0, 0, 13, 0, 12]",0.0,0.0,0.005921223088636815,5.300960497012026e-05,0.0,0.0,2.6333038240120255e-05,0.0,0.0,2.6518109050389164e-05
"[0, 0, 13, 0, 11]",0.0,0.0,0.005809135955695084,2.5703461416724532e-05,-0.006,5.197465571712197e-05,0.0,2.715749824369435e-05,2.6222968183988345e-05,2.6779754742423814e-05
"[0, 1, 12, 0, 6]",0.0,0.0,0.0,0.0,0.0,0.0,0.01682664441946164,0.0,0.00013228707245975323,0.0
"[1, 0, 15, 1, 5]",0.0,0.0,0.0,0.0,0.0,0.0,0.002501159798187493,0.0,0.0,0.0
"[0, 0, 16, 1, 5]",0.034381867098509794,0.050101074381544035,0.02247322757319002,0.04589356326236175,0.010303278815900565,0.08794698266780515,0.02667950080337224,0.010217605469395302,2.284532535101867,0.034161151068480486
"[1, 0, 16, 1, 5]",0.0,0.04536436806978356,0.0,0.0,-0.006,0.0,0.0,0.0,0.0,0.0
"[0, 1, 16, 1, 5]",0.01931114598269898,0.01258593055648503,0.0043031018902173306,0.04808468798696178,0.0011239221105468584,0.056691321031779845,0.0,0.013906052962064241,1.3319192241518008,0.01921478340029026
"[0, 1, 16, 1, 4]",0.03638188565101457,0.0023728922503923416,0.008850396457789289,0.007014567174853695,0.003965694940618381,0.001489866874995823,0.0009035939704346862,0.024624929698675996,1.1219628663239611,0.009138729975017301
"[0, 1, 17, 1, 5]",0.0,0.11106590412807135,0.0,0.0,0.0,0.0,0.0,0.0,0.006354477087030714,0.0
"[1, 0, 17, 1, 5]",0.0,0.0,0.0,0.0,0.0,0.0,0.08131376918289904,0.0,0.006396778104950925,0.0
"[0, 0, 17, 1, 5]",0.08429100329640643,0.0798535492296221,0.09711563647863466,0.0017146807659717464,0.041977220603923796,0.15747443605310538,0.13089240084798254,0.09544593307883271,2.9288021862119704,0.12510430032819503
"[0, 0, 17, 1, 6]",0.0002769120810443302,0.0002613004878423233,0.07048721718688981,0.006529553895565776,-0.011542820450053299,0.0005366300443771018,0.0002727873499793328,0.02903338753803592,0.006264192114035075,0.0002636639939991184
"[0, 1, 17, 1, 6]",0.002737574920101664,0.00039519762002265634,0.0,0.0011227314979059223,0.0,0.008743125809292162,0.0,0.0009106925918134849,0.5184039033674582,0.0029933749336183467
"[0, 0, 17, 0, 6]",0.0,0.0,0.0,0.0,-0.006,0.0,0.0,0.0,0.0,5.4000000000000005e-05
"[0, 1, 17, 0, 6]",0.0,0.0,0.0,0.0,-0.006,0.0,0.0,0.0,0.0,0.0
"[1, 0, 17, 0, 6]",0.0,0.0,0.0,0.0,0.0,0.0,0.0,0.0,0.012263191079190324,0.0
"[0, 1, 18, 0, 7]",0.0,0.0,0.0,0.0,0.0,0.0,0.0,0.0,0.0,0.0
"[0, 0, 18, 0, 7]",0.0,0.0,0.003,0.0,0.0,0.0,0.0,0.0,0.0,0.0
"[0, 0, 18, 0, 6]",0.0,0.0,0.0,0.0,-0.023642393999999997,0.0,0.0,0.0,0.0,0.0
"[0, 1, 18, 0, 6]",0.0,0.0,0.0,0.0,-0.006,0.0,0.0,0.0,0.0,0.0
"[1, 0, 18, 0, 6]",0.0,0.0,0.0,0.0,-0.006,0.0,0.0,0.0,0.0,0.0
"[0, 1, 19, 0, 7]",0.0,0.0,0.0,0.0,0.0,0.0,0.0,0.0,0.0,0.0
"[0, 0, 19, 0, 7]",0.0,0.0,0.003,0.0,-0.006,0.0,0.0,0.0,0.0,0.0
"[0, 0, 19, 0, 6]",0.0,0.0,0.003,0.0,-0.006,0.0,0.0,0.0,0.0,0.0
"[0, 1, 19, 0, 6]",0.0,0.0,0.0,0.0,-0.006,0.0,0.0,0.0,0.0,0.0
"[0, 0, 19, 0, 5]",0.0,0.0,0.0,0.0,-0.006,0.0,0.0,0.0,0.0,0.0
"[0, 1, 19, 0, 5]",0.0,0.0,0.0,0.0,-0.006,0.0,0.0,0.0,0.0,0.0
"[1, 0, 19, 0, 5]",0.0,0.0,0.0,0.0,0.0,0.0,0.0,0.0,0.0,0.0
"[0, 0, 20, 0, 6]",0.0,0.0,0.0,0.0,-0.006,0.0,0.0,0.0,0.0,0.0
"[0, 1, 20, 0, 6]",0.0,0.0,0.0,0.0,-0.006,0.0,0.0,0.0,0.0,0.0
"[0, 0, 21, 0, 7]",0.0,0.0,0.003,0.0,-0.006,0.0,0.0,0.0,0.0,0.0
"[1, 0, 21, 0, 7]",0.0,0.0,0.0,0.0,-0.01194,0.0,0.0,0.0,0.0,0.0
"[0, 0, 21, 0, 6]",0.0,0.0,0.0,0.0,-0.006,0.0,0.0,0.0,0.0,0.0
"[0, 0, 22, 0, 7]",0.0,0.0,0.003,0.0,0.0,0.0,0.0,0.0,0.0,0.0
"[0, 0, 22, 0, 6]",0.0,0.0,0.003,0.0,0.0,0.0,0.0,0.0,0.0,0.0
"[1, 0, 22, 0, 6]",0.0,0.0,0.0,0.0,0.0,0.0,0.0,0.0,0.0,0.0
"[0, 1, 22, 0, 6]",0.0,0.0,0.0,0.0,-0.006,0.0,0.0,0.0,0.0,0.0
"[0, 0, 22, 0, 5]",0.0,0.0,0.0,0.0,-0.006,0.0,0.0,0.0,0.0,0.0
"[0, 1, 22, 0, 5]",0.0,0.0,0.0,0.0,-0.006,0.0,0.0,0.0,0.0,0.0
"[0, 0, 23, 0, 6]",0.0,0.0,0.0,0.0,-0.006,0.0,0.0,0.0,0.0,0.0
"[0, 1, 23, 0, 6]",0.0,0.0,0.0,0.0,-0.006,0.0,0.0,0.0,0.0,0.0
"[1, 0, 23, 0, 6]",0.0,0.0,0.0,0.0,0.0,0.0,0.0,0.0,0.0,0.0
"[1, 0, 24, 0, 7]",0.0,0.0,0.0,0.0,0.0,0.0,0.0,0.0,0.0,0.0
"[0, 1, 24, 0, 7]",0.0,0.0,0.0,0.0,0.0,0.0,0.0,0.0,0.0,0.0
"[0, 0, 24, 0, 7]",0.0,0.0,0.003,0.0,0.0,0.0,0.0,0.0,0.0,0.0
"[0, 0, 24, 0, 6]",0.0,0.0,0.0,0.0,-0.006,0.0,0.0,0.0,0.0,0.0
"[0, 1, 24, 0, 6]",0.0,0.0,0.0,0.0,-0.006,0.0,0.0,0.0,0.0,0.0
"[0, 0, 25, 0, 7]",0.0,0.0,0.0,0.0,-0.006,0.0,0.0,0.0,0.0,0.0
"[0, 1, 25, 0, 7]",0.0,0.0,0.0,0.0,-0.006,0.0,0.0,0.0,0.0,0.0
"[0, 1, 26, 0, 8]",0.0,0.0,0.0,0.0,0.0,0.0,0.0,0.0,0.0,0.0
"[0, 0, 26, 0, 8]",0.0,0.0,0.003,0.0,-0.01194,0.0,0.0,0.0,0.0,0.0
"[1, 0, 26, 0, 8]",0.0,0.0,0.0,0.0,0.0,0.0,0.0,0.0,0.0,0.0
"[0, 0, 26, 0, 7]",0.0,0.0,0.0,0.0,0.0,0.0,0.0,0.0,0.0,0.0
"[0, 1, 26, 0, 7]",0.0,0.0,0.0,0.0,0.0,0.0,0.0,0.0,0.0,0.0
"[1, 0, 26, 0, 7]",0.0,0.0,0.0,0.0,0.0,0.0,0.0,0.0,0.0,0.0
"[0, 1, 27, 0, 8]",0.00041145912025374466,0.0,0.0,0.0,-0.006,0.0,0.0,0.0,0.0,0.0
"[0, 1, 19, 0, 1]",0.0,0.00013169667207155094,0.0,0.0,0.0,0.0,2.7865050636930208e-05,0.0,0.0,0.0
"[0, 0, 17, 0, 5]",2.741159465100135e-05,0.0,0.009175098411742603,0.0,-0.0118861295570712,0.0,2.604798904677823e-05,2.7659537061136883e-05,2.6362606175622836e-05,8.154781591934607e-05
"[1, 0, 17, 0, 5]",0.0,0.0,0.0,0.0,0.0,0.0,0.0,0.0,0.012019173115080217,0.0
"[0, 1, 17, 1, 7]",0.001707809470394877,0.0,0.00253201156848571,0.0,0.0,0.0,0.0,0.0012284331576416084,0.33488197145532017,0.0019103623993828368
"[0, 1, 17, 0, 7]",0.0,0.0,0.0,0.0,0.0,0.0,0.0,0.0,0.0,0.0
"[1, 0, 17, 0, 7]",0.0,0.0,0.0,0.0,0.0,0.0,0.0,0.0,0.0,0.0
"[0, 0, 17, 0, 7]",0.0,0.0,0.003,0.0,-0.006,0.0,0.0,0.0,0.0,0.0
"[1, 0, 17, 1, 6]",0.0,0.0002738812327180598,0.0,0.0,0.0,0.0,0.0,0.0,0.083158345561805,0.0
"[0, 1, 13, 0, 11]",0.0,2.481784185430229e-05,0.0,0.0,0.0,0.0,0.0,0.0,0.0,0.0
"[0, 0, 20, 1, 1]",0.004671264333966718,0.0019617900590423944,0.16180473069171442,5.954117107642778e-05,-0.04205706378786589,0.0022107506338634045,0.0017584705544178988,0.0016164031264029504,0.025691828736479207,0.001393604389633173
"[0, 1, 20, 1, 1]",0.0,0.0,6.788841004378301e-06,0.0,0.0,0.0,0.00548330848553265,0.0,0.0,0.0
"[1, 0, 20, 1, 1]",0.0,0.0,0.0,0.0,0.0,0.0,0.0,0.0,0.10754223139140315,0.0
"[0, 1, 20, 0, 1]",0.0,0.0,0.0,0.0,-0.006,0.0,0.00013995325305906273,0.0,0.0,0.0
"[0, 0, 21, 0, 1]",0.00015748487574305527,0.0,0.00603492463434492,2.6614950350396167e-06,-0.011887438604767094,0.005153596396203243,0.00015473999694857682,0.00010496308898085941,0.0,0.0
"[0, 0, 12, 1, 6]",1.1397143786227492e-05,0.0012494524237890857,0.0,0.0,0.0,0.0,0.0,0.0,0.0,0.0
"[0, 0, 18, 0, 3]",2.5329393099192463e-05,2.4654316456510754e-05,0.005729410866107607,0.0,-0.005974003068478933,5.202342951317115e-05,0.0,0.0,2.668206245070421e-05,0.0
"[0, 1, 18, 0, 3]",0.0,0.0,0.0,0.0,0.0,0.0,0.0,0.0,0.0,0.0
"[1, 0, 18, 0, 3]",0.0,0.0,0.0,0.0,-0.006,0.0,0.0,0.0,0.0,0.0
"[0, 1, 22, 1, 0]",0.0,0.0,0.0,0.0,-0.006,0.0,0.0,0.0,0.0,0.0
"[1, 0, 12, 0, 6]",0.0,0.0,0.0,0.0,0.0,0.0,0.0,0.0,0.006,0.0
"[1, 0, 12, 1, 6]",0.0,0.0,0.0,0.0,-0.006,0.0,0.0,0.0,0.0,0.0
"[0, 1, 12, 1, 6]",0.0,0.0,0.0,0.0,0.0,0.0,5.758823962802763e-06,0.0,0.11297979081360553,0.0
"[0, 1, 15, 1, 6]",0.0,0.0,0.0,0.0,0.0,0.0,0.0,0.0,0.035910119910035995,0.0
"[0, 0, 15, 1, 6]",0.0,0.0,0.005100646002546751,0.0,0.0,0.0,0.0,0.0,0.0,0.0
"[0, 1, 14, 1, 6]",0.0,0.0,0.0,0.0,0.0,0.0,0.016987815940885928,0.0,0.0,0.0
"[1, 0, 18, 1, 3]",0.0,0.0,0.0,0.0,-0.006,0.0,0.0,0.0,0.0,0.0
"[0, 1, 18, 1, 3]",0.0,0.0007178719944543727,0.0,0.0,0.0,0.0,0.0,0.0,0.0,0.0
