,mineral_count,vispen_count,scv_count,reward
0,,,,
1,1120.0,444.0,16.0,
2,1045.0,28.0,13.0,
3,1280.0,380.0,16.0,
4,915.0,124.0,15.0,
5,1525.0,344.0,17.0,
6,2035.0,304.0,17.0,
7,995.0,492.0,13.0,
8,1145.0,456.0,14.0,
9,1490.0,488.0,14.0,
10,1680.0,236.0,14.0,
11,1370.0,204.0,19.0,
12,895.0,540.0,13.0,
13,1335.0,40.0,16.0,
14,1420.0,56.0,14.0,
15,1160.0,268.0,18.0,
16,1535.0,652.0,16.0,
17,1175.0,332.0,19.0,
18,1010.0,600.0,15.0,
19,1260.0,236.0,13.0,
20,735.0,280.0,14.0,
21,540.0,492.0,15.0,
22,1345.0,324.0,14.0,
23,1405.0,524.0,15.0,
24,2160.0,0.0,14.0,
25,1815.0,132.0,15.0,
26,995.0,216.0,14.0,
27,1090.0,176.0,18.0,
28,995.0,316.0,14.0,
29,550.0,300.0,20.0,
30,775.0,360.0,17.0,
31,525.0,324.0,16.0,
32,500.0,356.0,14.0,
33,900.0,460.0,15.0,
34,720.0,400.0,14.0,
35,810.0,296.0,15.0,
36,880.0,40.0,15.0,
37,980.0,436.0,13.0,
38,2225.0,252.0,16.0,
39,1340.0,220.0,18.0,
40,1885.0,224.0,17.0,
41,1855.0,260.0,14.0,
42,1410.0,408.0,17.0,
43,410.0,492.0,15.0,
44,1490.0,224.0,15.0,
45,845.0,128.0,16.0,
46,1480.0,24.0,16.0,
47,1295.0,272.0,14.0,
48,900.0,556.0,13.0,
49,1525.0,152.0,15.0,
50,1305.0,636.0,13.0,
51,2100.0,284.0,15.0,
52,1510.0,392.0,17.0,
53,350.0,552.0,14.0,
54,585.0,484.0,14.0,
55,100.0,204.0,15.0,
56,35.0,60.0,13.0,
57,630.0,48.0,15.0,
58,1060.0,232.0,14.0,
59,465.0,580.0,15.0,
60,110.0,72.0,15.0,
61,745.0,388.0,18.0,
62,1195.0,0.0,14.0,
63,1230.0,164.0,13.0,
64,270.0,504.0,15.0,
65,90.0,188.0,15.0,
66,1815.0,0.0,15.0,
67,1545.0,316.0,13.0,
68,1675.0,224.0,15.0,
69,415.0,460.0,15.0,
70,275.0,116.0,14.0,
71,1025.0,264.0,14.0,
72,1215.0,468.0,15.0,
73,1900.0,160.0,15.0,
74,2585.0,52.0,17.0,
75,2075.0,0.0,15.0,
76,2130.0,136.0,18.0,
77,2125.0,0.0,15.0,
78,1090.0,468.0,13.0,
79,510.0,496.0,16.0,
80,275.0,372.0,15.0,
81,10.0,280.0,15.0,
82,780.0,324.0,15.0,
83,50.0,304.0,15.0,
84,445.0,384.0,15.0,
85,1410.0,0.0,14.0,
86,2380.0,0.0,14.0,
87,915.0,440.0,15.0,
88,2020.0,40.0,14.0,
89,1635.0,64.0,15.0,
90,1100.0,588.0,16.0,
91,1925.0,0.0,13.0,
92,830.0,668.0,14.0,
93,260.0,112.0,14.0,
94,1805.0,304.0,14.0,
95,1300.0,564.0,12.0,
96,1290.0,372.0,12.0,
97,15.0,416.0,15.0,
98,25.0,220.0,15.0,
99,1025.0,156.0,13.0,
100,590.0,604.0,15.0,
101,1065.0,332.0,15.0,
102,1385.0,108.0,14.0,
103,1730.0,256.0,17.0,
104,985.0,108.0,13.0,
105,555.0,372.0,15.0,
106,1705.0,116.0,16.0,
107,540.0,460.0,14.0,
108,1075.0,464.0,18.0,
109,840.0,468.0,12.0,
110,525.0,312.0,14.0,
111,1625.0,552.0,14.0,
112,1330.0,552.0,15.0,
113,590.0,368.0,21.0,
114,1765.0,68.0,13.0,
115,1360.0,380.0,13.0,
116,2325.0,172.0,18.0,
117,1070.0,556.0,16.0,
118,2130.0,0.0,14.0,
119,2790.0,52.0,15.0,
120,2490.0,148.0,15.0,
121,125.0,512.0,15.0,
122,245.0,340.0,15.0,
123,795.0,0.0,17.0,
124,885.0,520.0,15.0,
125,2035.0,240.0,17.0,
126,2030.0,136.0,16.0,
127,3090.0,160.0,15.0,
128,2260.0,304.0,15.0,
129,1750.0,72.0,15.0,
130,505.0,376.0,12.0,
131,1845.0,180.0,15.0,
132,1970.0,84.0,16.0,
133,1450.0,160.0,14.0,
134,1760.0,72.0,14.0,
135,1245.0,600.0,15.0,
136,1760.0,304.0,16.0,
137,2460.0,48.0,16.0,
138,1935.0,600.0,15.0,
139,1350.0,420.0,13.0,
140,1140.0,308.0,15.0,
141,2390.0,0.0,15.0,
142,85.0,532.0,15.0,
143,455.0,0.0,13.0,
144,2350.0,40.0,16.0,
145,1900.0,216.0,17.0,
146,1130.0,340.0,15.0,
147,1870.0,40.0,19.0,
148,815.0,560.0,14.0,
149,1405.0,132.0,14.0,
150,695.0,284.0,15.0,
151,1750.0,48.0,15.0,
152,1310.0,236.0,17.0,
153,1220.0,268.0,16.0,
154,245.0,376.0,15.0,
155,1640.0,152.0,15.0,
156,1660.0,280.0,19.0,
157,2325.0,0.0,15.0,
158,2190.0,0.0,14.0,
159,2145.0,88.0,16.0,
160,1890.0,436.0,16.0,
161,1720.0,524.0,18.0,
162,2405.0,48.0,15.0,
163,1335.0,60.0,18.0,
164,2550.0,0.0,15.0,
165,2640.0,120.0,17.0,
166,1755.0,132.0,15.0,
167,2395.0,88.0,13.0,
168,2205.0,176.0,12.0,
169,780.0,536.0,13.0,
170,1885.0,136.0,16.0,
171,1865.0,0.0,15.0,
172,2510.0,100.0,18.0,
173,1030.0,428.0,15.0,
174,1965.0,0.0,15.0,
175,1530.0,268.0,14.0,
176,2100.0,0.0,15.0,
177,1135.0,408.0,14.0,
178,1430.0,152.0,14.0,
179,2340.0,0.0,16.0,
180,2285.0,16.0,15.0,
181,35.0,320.0,13.0,
182,1410.0,220.0,13.0,
183,1930.0,156.0,16.0,
184,865.0,560.0,13.0,
185,1370.0,288.0,14.0,
186,990.0,408.0,16.0,
187,825.0,196.0,15.0,
188,170.0,360.0,22.0,
189,1360.0,104.0,16.0,
190,1500.0,512.0,15.0,
191,730.0,288.0,16.0,
192,1375.0,196.0,13.0,
193,1725.0,160.0,14.0,
194,1170.0,296.0,15.0,
195,1585.0,0.0,14.0,
196,1825.0,148.0,15.0,
197,1585.0,16.0,15.0,
198,390.0,68.0,13.0,
199,1020.0,556.0,14.0,
200,920.0,320.0,16.0,
201,200.0,440.0,16.0,
202,820.0,32.0,15.0,
203,1260.0,292.0,14.0,
204,1245.0,468.0,12.0,
205,940.0,244.0,12.0,
206,1920.0,280.0,15.0,
207,2010.0,0.0,14.0,
208,1455.0,264.0,13.0,
209,2065.0,128.0,13.0,
210,2630.0,0.0,16.0,
211,105.0,428.0,15.0,
212,865.0,184.0,14.0,
213,1280.0,276.0,18.0,
214,1410.0,224.0,15.0,
215,1265.0,576.0,17.0,
216,1425.0,312.0,17.0,
217,1380.0,472.0,14.0,
218,55.0,384.0,15.0,
219,1085.0,52.0,14.0,
220,920.0,516.0,15.0,
221,940.0,204.0,19.0,
222,1530.0,200.0,16.0,
223,55.0,356.0,15.0,
224,135.0,416.0,14.0,
225,90.0,284.0,15.0,
226,10.0,172.0,15.0,
227,1090.0,400.0,14.0,
228,1095.0,456.0,13.0,
229,2305.0,160.0,15.0,
230,1495.0,280.0,15.0,
231,1430.0,92.0,15.0,
232,680.0,368.0,15.0,
233,2565.0,0.0,15.0,
234,0.0,0.0,13.0,
235,1125.0,132.0,15.0,
236,895.0,468.0,14.0,
237,685.0,340.0,13.0,
238,1030.0,196.0,15.0,
239,685.0,556.0,15.0,
240,780.0,284.0,12.0,
241,45.0,348.0,13.0,
242,2170.0,0.0,15.0,
243,1100.0,568.0,14.0,
244,1705.0,188.0,13.0,
245,965.0,412.0,14.0,
246,1565.0,28.0,15.0,
247,1510.0,392.0,15.0,
248,2045.0,140.0,13.0,
249,1555.0,556.0,15.0,
250,1355.0,628.0,12.0,
251,1535.0,304.0,13.0,
252,965.0,588.0,14.0,
253,1030.0,580.0,13.0,
254,1265.0,416.0,13.0,
255,1750.0,404.0,15.0,
256,1875.0,368.0,13.0,
257,2460.0,8.0,15.0,
258,1140.0,472.0,14.0,
259,1255.0,528.0,13.0,
260,1470.0,340.0,14.0,
261,1420.0,404.0,13.0,
262,1575.0,120.0,12.0,
263,1775.0,168.0,17.0,
264,1150.0,696.0,14.0,
265,805.0,416.0,13.0,
266,750.0,448.0,13.0,
267,85.0,280.0,14.0,
268,1615.0,80.0,15.0,
269,1990.0,140.0,15.0,
270,2205.0,0.0,15.0,
271,1375.0,264.0,16.0,
272,520.0,444.0,12.0,
273,1755.0,132.0,15.0,
274,2165.0,0.0,13.0,
275,1055.0,560.0,14.0,
276,2215.0,124.0,15.0,
277,775.0,536.0,14.0,
278,55.0,380.0,14.0,
279,850.0,372.0,15.0,
280,2600.0,0.0,15.0,
281,1235.0,536.0,14.0,
282,865.0,384.0,13.0,
283,1525.0,176.0,13.0,
284,520.0,304.0,15.0,
285,1360.0,368.0,15.0,
286,1955.0,220.0,15.0,
287,2290.0,72.0,15.0,
288,1980.0,68.0,15.0,
289,1255.0,264.0,14.0,
290,1120.0,108.0,13.0,
291,1270.0,376.0,13.0,
292,770.0,548.0,15.0,
293,1175.0,136.0,13.0,
294,635.0,428.0,14.0,
295,1240.0,408.0,15.0,
296,510.0,668.0,12.0,
297,20.0,328.0,13.0,
298,880.0,440.0,15.0,
299,530.0,316.0,16.0,
300,550.0,424.0,15.0,
301,85.0,380.0,15.0,
302,670.0,148.0,14.0,
303,875.0,684.0,14.0,
304,0.0,260.0,15.0,
305,980.0,80.0,13.0,
306,570.0,496.0,15.0,
307,560.0,340.0,14.0,
308,600.0,192.0,16.0,
309,855.0,540.0,16.0,
310,875.0,0.0,14.0,
311,2730.0,0.0,14.0,
312,2370.0,12.0,15.0,
313,950.0,572.0,14.0,
314,1105.0,608.0,15.0,
315,895.0,508.0,13.0,
316,30.0,412.0,12.0,
317,2525.0,224.0,15.0,
318,815.0,360.0,13.0,
319,1850.0,192.0,15.0,
320,2460.0,36.0,14.0,
321,1145.0,240.0,14.0,
322,2015.0,252.0,18.0,
323,760.0,472.0,14.0,
324,900.0,536.0,14.0,
325,900.0,144.0,13.0,
326,1225.0,704.0,14.0,
327,2120.0,0.0,16.0,
328,2075.0,228.0,17.0,
329,1855.0,20.0,13.0,
330,1430.0,280.0,16.0,
331,1285.0,400.0,16.0,
332,1785.0,76.0,16.0,
333,1755.0,656.0,17.0,
334,2645.0,0.0,15.0,
335,1330.0,280.0,15.0,
336,1600.0,428.0,15.0,
337,2435.0,0.0,15.0,
338,1570.0,356.0,15.0,
339,1525.0,308.0,14.0,
340,1135.0,356.0,13.0,
341,2130.0,28.0,17.0,
342,2050.0,256.0,18.0,
343,2495.0,228.0,15.0,
344,710.0,460.0,16.0,
345,1620.0,8.0,14.0,
346,1590.0,568.0,15.0,
347,355.0,272.0,15.0,
348,125.0,336.0,15.0,
349,1585.0,0.0,14.0,
350,1200.0,172.0,15.0,
351,425.0,436.0,15.0,
352,430.0,472.0,14.0,
353,1190.0,444.0,16.0,
354,1990.0,204.0,15.0,
355,910.0,212.0,15.0,
356,815.0,528.0,19.0,
357,1415.0,116.0,16.0,
358,1660.0,196.0,14.0,
359,1125.0,644.0,16.0,
360,1035.0,212.0,13.0,
361,555.0,520.0,17.0,
362,325.0,184.0,15.0,
363,100.0,408.0,15.0,
364,110.0,184.0,15.0,
365,605.0,308.0,17.0,
366,1035.0,348.0,15.0,
367,455.0,400.0,15.0,
368,595.0,440.0,15.0,
369,30.0,196.0,15.0,
370,2110.0,64.0,15.0,
371,2095.0,444.0,15.0,
372,2385.0,16.0,14.0,
373,1800.0,108.0,12.0,
374,880.0,500.0,12.0,
375,2260.0,0.0,14.0,
376,2665.0,0.0,17.0,
377,1960.0,160.0,14.0,
378,620.0,480.0,14.0,
379,1020.0,352.0,15.0,
380,1330.0,304.0,14.0,
381,1255.0,756.0,13.0,
382,1850.0,100.0,13.0,
383,1010.0,432.0,14.0,
384,875.0,640.0,16.0,
385,475.0,336.0,15.0,
386,1320.0,0.0,17.0,
387,2035.0,76.0,15.0,
388,1765.0,284.0,15.0,
389,2495.0,28.0,14.0,
390,1810.0,156.0,16.0,
391,1070.0,232.0,14.0,
392,2400.0,156.0,14.0,
393,1145.0,496.0,13.0,
394,1710.0,440.0,16.0,
395,2405.0,44.0,13.0,
396,2935.0,0.0,16.0,
397,1520.0,292.0,13.0,
398,1860.0,260.0,16.0,
399,2495.0,120.0,13.0,
400,1025.0,696.0,16.0,
401,1485.0,108.0,14.0,
402,965.0,656.0,15.0,
403,985.0,452.0,14.0,
404,2040.0,332.0,15.0,
405,525.0,496.0,15.0,
406,840.0,504.0,15.0,
407,1610.0,0.0,14.0,
408,1975.0,100.0,12.0,
409,95.0,468.0,14.0,
410,840.0,540.0,14.0,
411,610.0,444.0,13.0,
412,1390.0,184.0,13.0,
413,595.0,288.0,13.0,
414,870.0,408.0,12.0,
415,2550.0,144.0,15.0,
416,1185.0,304.0,17.0,
417,1010.0,364.0,15.0,
418,1420.0,12.0,14.0,
419,2205.0,100.0,15.0,
420,1795.0,512.0,17.0,
421,215.0,496.0,15.0,
422,1415.0,92.0,16.0,
423,1435.0,540.0,13.0,
424,935.0,192.0,14.0,
425,605.0,400.0,15.0,
426,1670.0,48.0,15.0,
427,1245.0,608.0,17.0,
428,810.0,204.0,15.0,
429,2575.0,0.0,19.0,
430,1165.0,308.0,14.0,
431,1075.0,496.0,17.0,
432,840.0,0.0,13.0,
433,2700.0,168.0,15.0,
434,1995.0,412.0,17.0,
435,2540.0,0.0,15.0,
436,1325.0,452.0,15.0,
437,865.0,168.0,14.0,
438,85.0,384.0,15.0,
439,875.0,376.0,15.0,
440,920.0,504.0,15.0,
441,1265.0,540.0,14.0,
442,265.0,540.0,16.0,
443,65.0,76.0,15.0,
444,845.0,116.0,15.0,
445,345.0,436.0,17.0,
446,2645.0,0.0,20.0,
447,2945.0,0.0,15.0,
448,25.0,332.0,15.0,
449,2500.0,48.0,15.0,
450,1155.0,256.0,15.0,
451,530.0,96.0,14.0,
452,330.0,480.0,13.0,
453,290.0,424.0,14.0,
454,600.0,456.0,15.0,
455,1505.0,172.0,14.0,
456,2810.0,240.0,15.0,
457,290.0,632.0,16.0,
458,1975.0,0.0,15.0,
459,2795.0,0.0,15.0,
460,1455.0,300.0,16.0,
461,1390.0,340.0,17.0,
462,1430.0,448.0,16.0,
463,880.0,456.0,16.0,
464,1365.0,492.0,15.0,
465,955.0,332.0,15.0,
466,2120.0,220.0,17.0,
467,1215.0,148.0,17.0,
468,580.0,520.0,15.0,
469,330.0,200.0,15.0,
470,785.0,104.0,14.0,
471,780.0,360.0,14.0,
472,390.0,344.0,15.0,
473,555.0,300.0,15.0,
474,270.0,336.0,15.0,
475,1895.0,128.0,15.0,
476,2125.0,360.0,19.0,
477,1060.0,716.0,14.0,
478,805.0,252.0,16.0,
479,1440.0,736.0,15.0,
480,555.0,416.0,15.0,
481,1515.0,300.0,13.0,
482,1935.0,236.0,13.0,
483,2830.0,128.0,15.0,
484,2920.0,0.0,21.0,
485,90.0,268.0,14.0,
486,60.0,368.0,14.0,
487,670.0,180.0,13.0,
488,975.0,544.0,14.0,
489,505.0,368.0,15.0,
490,410.0,448.0,14.0,
491,55.0,312.0,13.0,
492,1735.0,240.0,15.0,
493,2170.0,64.0,15.0,
494,2370.0,60.0,17.0,
495,925.0,268.0,12.0,
496,2375.0,128.0,15.0,
497,2275.0,160.0,15.0,
498,205.0,576.0,12.0,
499,170.0,556.0,13.0,
500,65.0,100.0,14.0,
501,845.0,272.0,15.0,
502,3130.0,0.0,15.0,
503,1290.0,468.0,15.0,
504,1445.0,112.0,15.0,
505,3065.0,0.0,15.0,
506,2575.0,160.0,15.0,
507,1010.0,324.0,15.0,
508,410.0,448.0,15.0,
509,30.0,232.0,15.0,
510,465.0,240.0,18.0,
511,995.0,212.0,16.0,
512,2255.0,40.0,17.0,
513,1220.0,376.0,14.0,
514,1970.0,560.0,15.0,
515,1445.0,624.0,15.0,
516,1380.0,32.0,15.0,
517,115.0,556.0,13.0,
518,370.0,356.0,15.0,
519,1890.0,160.0,13.0,
520,995.0,568.0,13.0,
521,2440.0,0.0,17.0,
522,1940.0,212.0,14.0,
523,2545.0,0.0,17.0,
524,2170.0,228.0,15.0,
525,1395.0,352.0,13.0,
526,660.0,568.0,12.0,
527,1130.0,232.0,14.0,
528,635.0,472.0,15.0,
529,210.0,336.0,15.0,
530,60.0,260.0,14.0,
531,190.0,316.0,16.0,
532,1760.0,188.0,15.0,
533,1140.0,376.0,14.0,
534,540.0,288.0,15.0,
535,2415.0,52.0,17.0,
536,1230.0,600.0,18.0,
537,695.0,508.0,17.0,
538,30.0,120.0,13.0,
539,845.0,532.0,16.0,
540,1605.0,228.0,15.0,
541,1040.0,200.0,14.0,
542,1345.0,200.0,16.0,
543,1385.0,548.0,13.0,
544,95.0,204.0,15.0,
545,830.0,292.0,14.0,
546,480.0,620.0,12.0,
547,290.0,484.0,12.0,
548,965.0,488.0,12.0,
549,1170.0,144.0,15.0,
550,1455.0,448.0,17.0,
551,985.0,492.0,15.0,
552,570.0,420.0,15.0,
553,635.0,412.0,16.0,
554,520.0,316.0,14.0,
555,455.0,460.0,14.0,
556,105.0,348.0,14.0,
557,260.0,308.0,15.0,
558,50.0,168.0,14.0,
559,435.0,148.0,15.0,
560,1080.0,256.0,14.0,
561,575.0,420.0,15.0,
562,1890.0,124.0,15.0,
563,2080.0,244.0,15.0,
564,1035.0,324.0,18.0,
565,1910.0,80.0,15.0,
566,1570.0,248.0,14.0,
567,140.0,20.0,13.0,
568,980.0,312.0,13.0,
569,1395.0,360.0,15.0,
570,1420.0,248.0,14.0,
571,1090.0,436.0,16.0,
572,995.0,464.0,15.0,
573,1265.0,368.0,15.0,
574,2500.0,0.0,15.0,
575,1580.0,56.0,17.0,
576,1550.0,0.0,17.0,
577,2425.0,0.0,14.0,
578,1735.0,156.0,16.0,
579,910.0,252.0,12.0,
580,835.0,580.0,14.0,
581,1255.0,376.0,12.0,
582,910.0,600.0,12.0,
583,1695.0,152.0,15.0,
584,2300.0,40.0,15.0,
585,1005.0,436.0,12.0,
586,5.0,384.0,12.0,
587,290.0,104.0,14.0,
588,580.0,172.0,14.0,
589,1910.0,96.0,14.0,
590,1690.0,48.0,15.0,
591,1030.0,544.0,14.0,
592,1315.0,316.0,13.0,
593,1040.0,312.0,21.0,
594,795.0,428.0,16.0,
595,800.0,96.0,14.0,
596,1290.0,236.0,17.0,
597,1300.0,176.0,16.0,
598,425.0,352.0,15.0,
599,930.0,236.0,15.0,
600,1410.0,204.0,18.0,
601,1070.0,260.0,13.0,
602,890.0,196.0,15.0,
603,415.0,172.0,13.0,
604,2525.0,0.0,15.0,
605,1735.0,404.0,15.0,
606,680.0,464.0,13.0,
607,720.0,236.0,12.0,
608,115.0,424.0,15.0,
609,370.0,120.0,14.0,
610,1650.0,176.0,14.0,
611,1620.0,336.0,15.0,
612,1895.0,132.0,16.0,
613,1430.0,168.0,16.0,
614,1500.0,284.0,15.0,
615,1820.0,200.0,15.0,
616,775.0,484.0,15.0,
617,545.0,384.0,16.0,
618,865.0,544.0,16.0,
619,535.0,452.0,15.0,
620,120.0,356.0,15.0,
621,970.0,160.0,14.0,
622,1290.0,568.0,16.0,
623,1185.0,548.0,15.0,
624,2140.0,144.0,18.0,
625,625.0,372.0,13.0,
626,1375.0,328.0,15.0,
627,2050.0,228.0,15.0,
628,2690.0,0.0,19.0,
629,2385.0,128.0,15.0,
630,1370.0,100.0,18.0,
631,1795.0,324.0,15.0,
632,1765.0,136.0,18.0,
633,235.0,392.0,15.0,
634,40.0,192.0,13.0,
635,1230.0,112.0,15.0,
636,205.0,428.0,15.0,
637,1120.0,336.0,14.0,
638,2560.0,20.0,15.0,
639,1040.0,392.0,18.0,
640,1390.0,0.0,18.0,
641,1210.0,320.0,15.0,
642,1110.0,456.0,13.0,
643,940.0,332.0,15.0,
644,2360.0,20.0,15.0,
645,10.0,460.0,14.0,
646,90.0,164.0,15.0,
647,60.0,120.0,15.0,
648,2255.0,0.0,15.0,
649,1715.0,304.0,17.0,
650,1945.0,232.0,15.0,
651,1730.0,228.0,16.0,
652,1170.0,648.0,14.0,
653,1300.0,576.0,12.0,
654,930.0,216.0,12.0,
655,500.0,348.0,12.0,
656,65.0,408.0,13.0,
657,65.0,200.0,15.0,
658,760.0,228.0,15.0,
659,950.0,396.0,16.0,
660,1655.0,0.0,18.0,
661,1685.0,40.0,17.0,
662,1105.0,464.0,19.0,
663,600.0,480.0,15.0,
664,505.0,176.0,15.0,
665,1635.0,84.0,15.0,
666,70.0,444.0,14.0,
667,495.0,324.0,14.0,
668,575.0,232.0,15.0,
669,1575.0,80.0,15.0,
670,750.0,640.0,16.0,
671,565.0,128.0,13.0,
672,1900.0,244.0,15.0,
673,560.0,400.0,15.0,
674,710.0,144.0,16.0,
675,255.0,388.0,15.0,
676,330.0,368.0,15.0,
677,80.0,360.0,15.0,
678,800.0,264.0,16.0,
679,605.0,236.0,14.0,
680,660.0,208.0,15.0,
681,1550.0,316.0,19.0,
682,2410.0,0.0,19.0,
683,1185.0,436.0,16.0,
684,75.0,264.0,15.0,
685,95.0,408.0,15.0,
686,655.0,0.0,15.0,
687,2215.0,240.0,14.0,
688,2475.0,0.0,15.0,
689,2260.0,144.0,19.0,
690,2505.0,0.0,15.0,
691,2215.0,220.0,16.0,
692,1595.0,0.0,14.0,
693,1190.0,388.0,15.0,
694,1030.0,384.0,14.0,
695,5.0,228.0,15.0,
696,610.0,352.0,16.0,
697,450.0,232.0,15.0,
698,1265.0,184.0,16.0,
699,455.0,360.0,13.0,
700,50.0,44.0,15.0,
701,570.0,668.0,15.0,
702,45.0,0.0,14.0,
703,315.0,352.0,15.0,
704,55.0,200.0,14.0,
705,785.0,228.0,14.0,
706,610.0,448.0,12.0,
707,2060.0,92.0,15.0,
708,1415.0,196.0,17.0,
709,760.0,452.0,15.0,
710,50.0,280.0,15.0,
711,70.0,160.0,14.0,
712,1105.0,84.0,15.0,
713,485.0,540.0,15.0,
714,440.0,148.0,15.0,
715,1055.0,316.0,16.0,
716,1250.0,292.0,15.0,
717,915.0,456.0,15.0,
718,1245.0,184.0,16.0,
719,300.0,568.0,15.0,
720,545.0,132.0,15.0,
721,1970.0,12.0,18.0,
722,1615.0,312.0,15.0,
723,2380.0,0.0,17.0,
724,2925.0,0.0,15.0,
725,3105.0,244.0,15.0,
726,2110.0,144.0,17.0,
727,2335.0,156.0,14.0,
728,2815.0,152.0,15.0,
729,1075.0,264.0,12.0,
730,1890.0,0.0,15.0,
731,1410.0,324.0,15.0,
732,1640.0,0.0,16.0,
733,1465.0,216.0,14.0,
734,1285.0,132.0,13.0,
735,1145.0,0.0,15.0,
736,1240.0,48.0,16.0,
737,1260.0,88.0,16.0,
738,1920.0,252.0,19.0,
739,1000.0,64.0,17.0,
740,1980.0,16.0,16.0,
741,2815.0,0.0,19.0,
742,1800.0,0.0,18.0,
743,2045.0,0.0,19.0,
744,200.0,436.0,16.0,
745,755.0,64.0,15.0,
746,1310.0,384.0,18.0,
747,1765.0,216.0,14.0,
748,1300.0,0.0,15.0,
749,1260.0,0.0,17.0,
750,2305.0,224.0,16.0,
751,235.0,316.0,16.0,
752,730.0,0.0,15.0,
753,1690.0,92.0,14.0,
754,95.0,296.0,13.0,
755,1070.0,184.0,17.0,
756,2520.0,0.0,16.0,
757,2120.0,224.0,16.0,
758,2045.0,0.0,15.0,
759,1150.0,136.0,12.0,
760,1950.0,96.0,15.0,
761,825.0,300.0,13.0,
762,400.0,0.0,19.0,
763,2860.0,184.0,15.0,
764,1625.0,88.0,13.0,
765,1250.0,56.0,16.0,
766,1360.0,180.0,21.0,
767,1125.0,360.0,14.0,
768,245.0,32.0,13.0,
769,1115.0,140.0,13.0,
770,1715.0,108.0,14.0,
771,1250.0,0.0,14.0,
772,2275.0,0.0,15.0,
773,3200.0,0.0,15.0,
774,665.0,88.0,15.0,
775,1740.0,544.0,15.0,
776,645.0,412.0,15.0,
777,700.0,364.0,15.0,
778,1195.0,308.0,16.0,
779,1090.0,132.0,17.0,
780,2780.0,0.0,18.0,
781,2580.0,136.0,15.0,
782,1570.0,120.0,15.0,
783,2920.0,0.0,21.0,
784,2520.0,104.0,15.0,
785,920.0,164.0,15.0,
786,1445.0,0.0,15.0,
787,1480.0,68.0,13.0,
788,75.0,344.0,16.0,
789,280.0,284.0,15.0,
790,1690.0,132.0,15.0,
791,425.0,368.0,13.0,
792,1675.0,0.0,15.0,
793,995.0,360.0,15.0,
794,555.0,160.0,13.0,
795,665.0,68.0,13.0,
796,1710.0,164.0,15.0,
797,2280.0,108.0,16.0,
798,1665.0,156.0,13.0,
799,335.0,128.0,17.0,
800,2020.0,0.0,16.0,
801,2045.0,0.0,14.0,
802,405.0,316.0,17.0,
803,1080.0,252.0,13.0,
804,945.0,296.0,12.0,
805,1085.0,396.0,12.0,
806,1780.0,44.0,12.0,
807,2405.0,0.0,13.0,
808,2775.0,0.0,14.0,
809,3090.0,0.0,15.0,
810,45.0,324.0,14.0,
811,1055.0,72.0,14.0,
812,1170.0,404.0,13.0,
813,1470.0,196.0,13.0,
814,455.0,304.0,12.0,
815,500.0,76.0,13.0,
816,2100.0,104.0,16.0,
817,70.0,220.0,15.0,
818,1160.0,236.0,13.0,
819,1075.0,456.0,12.0,
820,310.0,68.0,15.0,
821,1280.0,272.0,15.0,
822,880.0,92.0,16.0,
823,1580.0,0.0,14.0,
824,1710.0,104.0,15.0,
825,400.0,308.0,16.0,
826,1365.0,44.0,13.0,
827,1595.0,252.0,18.0,
828,1310.0,120.0,16.0,
829,1505.0,80.0,15.0,
830,1515.0,120.0,16.0,
831,120.0,128.0,15.0,
832,1295.0,160.0,21.0,
833,855.0,296.0,15.0,
834,810.0,92.0,16.0,
835,1510.0,0.0,14.0,
836,605.0,20.0,13.0,
837,515.0,0.0,13.0,
838,1850.0,316.0,15.0,
839,20.0,164.0,16.0,
840,1400.0,360.0,14.0,
841,2180.0,8.0,12.0,
842,390.0,332.0,17.0,
843,1255.0,200.0,13.0,
844,1560.0,68.0,17.0,
845,1855.0,260.0,16.0,
846,585.0,260.0,17.0,
847,1420.0,136.0,14.0,
848,2080.0,0.0,18.0,
849,1615.0,236.0,15.0,
850,2170.0,0.0,16.0,
851,1695.0,208.0,14.0,
852,1430.0,0.0,14.0,
853,945.0,188.0,20.0,
854,780.0,56.0,15.0,
855,1135.0,144.0,15.0,
856,1385.0,4.0,16.0,
857,1025.0,580.0,15.0,
858,65.0,112.0,14.0,
859,1010.0,128.0,13.0,
860,1060.0,236.0,14.0,
861,905.0,0.0,13.0,
862,835.0,408.0,13.0,
863,2145.0,288.0,12.0,
864,2100.0,220.0,17.0,
865,65.0,136.0,15.0,
866,510.0,152.0,13.0,
867,870.0,216.0,14.0,
868,1120.0,104.0,13.0,
869,2390.0,100.0,14.0,
870,1520.0,68.0,15.0,
871,2100.0,104.0,14.0,
872,1775.0,328.0,15.0,
873,1980.0,108.0,16.0,
874,290.0,384.0,15.0,
875,2245.0,0.0,15.0,
876,2260.0,32.0,15.0,
877,1825.0,0.0,13.0,
878,2080.0,44.0,14.0,
879,625.0,312.0,13.0,
880,1135.0,128.0,14.0,
881,175.0,488.0,15.0,
882,1285.0,160.0,14.0,
883,505.0,96.0,14.0,
884,1470.0,0.0,14.0,
885,2280.0,116.0,14.0,
886,1275.0,364.0,12.0,
887,1070.0,280.0,12.0,
888,195.0,212.0,15.0,
889,145.0,0.0,13.0,
890,1865.0,124.0,15.0,
891,1535.0,436.0,16.0,
892,220.0,228.0,21.0,
893,760.0,228.0,16.0,
894,410.0,0.0,13.0,
895,1300.0,132.0,13.0,
896,820.0,280.0,13.0,
897,1045.0,48.0,16.0,
898,1680.0,176.0,16.0,
899,1010.0,232.0,15.0,
900,270.0,60.0,19.0,
901,1495.0,64.0,13.0,
902,2350.0,0.0,15.0,
903,850.0,156.0,17.0,
904,1090.0,400.0,16.0,
905,655.0,60.0,16.0,
906,750.0,528.0,15.0,
907,465.0,88.0,13.0,
908,910.0,188.0,16.0,
909,1185.0,232.0,18.0,
910,80.0,0.0,14.0,
911,1205.0,0.0,15.0,
912,180.0,132.0,19.0,
913,655.0,400.0,16.0,
914,830.0,304.0,13.0,
915,1400.0,180.0,17.0,
916,430.0,208.0,15.0,
917,1790.0,264.0,16.0,
918,2545.0,0.0,18.0,
919,2820.0,0.0,15.0,
920,1185.0,0.0,15.0,
921,595.0,128.0,16.0,
922,175.0,0.0,14.0,
923,1590.0,0.0,14.0,
924,915.0,172.0,14.0,
925,1055.0,108.0,14.0,
926,2545.0,0.0,16.0,
927,1630.0,0.0,13.0,
928,1920.0,188.0,13.0,
929,2250.0,0.0,13.0,
930,1750.0,436.0,13.0,
931,2170.0,272.0,16.0,
932,1910.0,0.0,14.0,
933,1760.0,0.0,16.0,
934,165.0,184.0,15.0,
935,1255.0,0.0,14.0,
936,2275.0,144.0,16.0,
937,1065.0,36.0,14.0,
938,15.0,368.0,17.0,
939,785.0,20.0,14.0,
940,1995.0,68.0,13.0,
941,2220.0,216.0,16.0,
